ALTER SEQUENCE sequence_session RESTART WITH 100000;
ALTER SEQUENCE sequence_session_topic RESTART WITH 100000;
ALTER SEQUENCE sequence_consultant_agency RESTART WITH 100000;
ALTER SEQUENCE sequence_admin_agency RESTART WITH 100000;
INSERT INTO user (`user_id`, `id_old`, `delete_date`, `username`, `email`, `rc_user_id`,
                  `language_formal`, `create_date`, `update_date`,`notifications_enabled`)
VALUES ('015d013d-95e7-4e91-85b5-12cdb3d317f3', 0, NULL, 'enc.OBSXEZTPOJWWC3TDMUWWC43LMVZC2NZS',
        '015d013d-95e7-4e91-85b5-12cdb3d317f3@beratungcaritas.de', 'dciScSDa9Qm8vmEBB', 1,
        '2020-10-08 09:05:47', '2020-10-08 09:05:47', 0),
       ('017cac2a-2086-47eb-9f8e-40547dfa2fd5', NULL, NULL, 'enc.OUZDK5DFON2A....',
        '017cac2a-2086-47eb-9f8e-40547dfa2fd5@beratungcaritas.de', 'jJDD4bEAD8qSA6YLc', 0,
        '2020-10-28 10:44:37', '2020-10-28 10:44:46', 0),
       ('03651639-7e19-4127-bdad-9c4fd1f64286', NULL, NULL, 'enc.NNZGK5L2MJ2W4ZA.',
        '03651639-7e19-4127-bdad-9c4fd1f64286@beratungcaritas.de', 'tHbBivkiNLoNGzuZQ', 1,
        '2020-10-28 15:02:57', '2020-10-28 15:02:57', 0),
       ('06c6601f-a5b4-4812-9260-20065390b1f5', NULL, NULL, 'enc.OUZDK5DFON2DGNJVGU2Q....',
        '06c6601f-a5b4-4812-9260-20065390b1f5@beratungcaritas.de', 'sddGb9QWDagmZxuMw', 0,
        '2020-11-05 14:17:34', '2020-11-05 14:18:15', 0),
       ('07e7a037-d279-4ecf-b6d1-6fb4f7c53229', 0, NULL, 'enc.OBSXEZTPOJWWC3TDMUWWC43LMVZC2MZY',
        '07e7a037-d279-4ecf-b6d1-6fb4f7c53229@beratungcaritas.de', 'jBcwY6YCRrvYPNKiP', 1,
        '2020-10-08 09:05:06', '2020-10-08 09:05:06', 0),
       ('087f20e2-426d-4d8e-a97e-15724217815a', 0, NULL, 'enc.OBSXEZTPOJWWC3TDMUWWC43LMVZC2NRR',
        '087f20e2-426d-4d8e-a97e-15724217815a@beratungcaritas.de', '2TLuH89GQKxAJYB7o', 1,
        '2020-10-08 09:05:33', '2020-10-08 09:05:34', 0),
       ('08fbf86d-182c-4bbc-9646-d3707292aeee', 0, NULL, 'enc.OBSXEZTPOJWWC3TDMUWWC43LMVZC2NY.',
        '08fbf86d-182c-4bbc-9646-d3707292aeee@beratungcaritas.de', 'KpySir7wKDzGLwoo9', 1,
        '2020-10-08 09:04:28', '2020-10-08 09:04:28', 0),
       ('09cf881e-1f64-498b-bce3-0ca4f939a864', 0, NULL, 'enc.OBSXEZTPOJWWC3TDMUWWC43LMVZC2OBR',
        '09cf881e-1f64-498b-bce3-0ca4f939a864@beratungcaritas.de', '7PruNAXoMGhmdrTe7', 1,
        '2020-10-08 09:05:58', '2020-10-08 09:05:58', 0),
       ('0b198be7-368a-478a-8c7c-0ea381caeba4', 0, NULL, 'enc.OBSXEZTPOJWWC3TDMUWWC43LMVZC2NJS',
        '0b198be7-368a-478a-8c7c-0ea381caeba4@beratungcaritas.de', 'hmRCA6fFxoQvnjb2M', 1,
        '2020-10-08 09:05:22', '2020-10-08 09:05:23', 0),
       ('0cc66af0-1ccc-4b1f-a1b6-be0c993a764d', 0, NULL, 'enc.OBSXEZTPOJWWC3TDMUWWC43LMVZC2MJV',
        '0cc66af0-1ccc-4b1f-a1b6-be0c993a764d@beratungcaritas.de', 'i7tSGg8rspBEamg5g', 1,
        '2020-10-08 09:04:37', '2020-10-08 09:04:38', 0),
       ('12432b57-0b50-4467-af36-ba8ec88ab156', 0, NULL,
        'enc.OBSXEZTPOJWWC3TDMUWWC43LMVZC2MJQGA......',
        '12432b57-0b50-4467-af36-ba8ec88ab156@beratungcaritas.de', 'vf4Dh8Y6wTPwAXyiW', 1,
        '2020-10-08 09:06:22', '2020-10-08 09:06:22', 0),
       ('149c8359-84e9-4ffe-b8c7-ac5bdba43d38', 0, NULL, 'enc.OBSXEZTPOJWWC3TDMUWWC43LMVZC2NA.',
        '149c8359-84e9-4ffe-b8c7-ac5bdba43d38@beratungcaritas.de', 'ihH8vQcFg672FpqCE', 1,
        '2020-10-08 09:04:24', '2020-10-08 09:04:24', 0),
       ('15acc30f-e7a8-4ea6-921e-0e2d3a17d546', 0, NULL, 'enc.ONSW42LPOJUXI6JNORSWC3JNMFZWWZLS',
        '15acc30f-e7a8-4ea6-921e-0e2d3a17d546@beratungcaritas.de', 'ovJY72pTfPkHdo5KZ', 1,
        '2020-10-08 09:04:05', '2020-10-08 09:04:05', 0),
       ('17614453-af19-4a63-81bd-e8557a71206c', 0, NULL, 'enc.OBSXEZTPOJWWC3TDMUWWC43LMVZC2NZY',
        '17614453-af19-4a63-81bd-e8557a71206c@beratungcaritas.de', '9eBgFLc8J2Q3xXT2D', 1,
        '2020-10-08 09:05:55', '2020-10-08 09:05:55', 0),
       ('1d0a5771-a38d-4e7d-a546-28262f9f4176', 0, NULL, 'enc.OBSXEZTPOJWWC3TDMUWWC43LMVZC2NJW',
        '1d0a5771-a38d-4e7d-a546-28262f9f4176@beratungcaritas.de', 'Cxq7wX8uP4qtPBsPd', 1,
        '2020-10-08 09:05:27', '2020-10-08 09:05:27', 0),
       ('1da238c6-cd46-4162-80f1-bff74eafe77f', 0, NULL,
        'enc.MFSGI2LDORUW63RNMRSWMYLVNR2C2YLTNNSXE...',
        '1da238c6-cd46-4162-80f1-bff74eafe77f@beratungcaritas.de', 'gu7wewqtYS9cu2vtA', 1,
        '2020-10-08 09:03:45', '2020-10-08 09:03:45', 0),
       ('1e2af8ce-8605-4b8d-8e56-347edc36682c', 0, NULL, 'enc.OBSXEZTPOJWWC3TDMUWWC43LMVZC2MRW',
        '1e2af8ce-8605-4b8d-8e56-347edc36682c@beratungcaritas.de', 'PKTygbmLHJ7GietwK', 1,
        '2020-10-08 09:04:51', '2020-10-08 09:04:51', 0),
       ('22737f02-0749-467e-8a51-7c751d20ca05', 0, NULL, 'enc.OBSXEZTPOJWWC3TDMUWWC43LMVZC2NJR',
        '22737f02-0749-467e-8a51-7c751d20ca05@beratungcaritas.de', '2bnSYDWQZAER3MwDX', 1,
        '2020-10-08 09:05:21', '2020-10-08 09:05:21', 0),
       ('236b97bf-6cd7-434a-83f3-0a0b129dd45a', 0, NULL, 'enc.MFSGI2LDORUW63RNORSWC3JNMFZWWZLS',
        '236b97bf-6cd7-434a-83f3-0a0b129dd45a@beratungcaritas.de', 'Lty7tkK3ZYKAG4uYX', 1,
        '2020-10-08 09:03:47', '2020-10-08 09:03:48', 0),
       ('242521b6-7fe0-4441-911a-1ea499fb6a68', 0, NULL, 'enc.OBSXEZTPOJWWC3TDMUWWC43LMVZC2NZU',
        '242521b6-7fe0-4441-911a-1ea499fb6a68@beratungcaritas.de', 'jmvWLPLWhoZ5EJBuT', 1,
        '2020-10-08 09:05:50', '2020-10-08 09:05:50', 0),
       ('24874d74-acfb-4ae4-a853-d01c66cd93aa', 0, NULL, 'enc.OBSXEZTPOJWWC3TDMUWWC43LMVZC2OBU',
        '24874d74-acfb-4ae4-a853-d01c66cd93aa@beratungcaritas.de', 'qw4aTM7Skixn66Mfg', 1,
        '2020-10-08 09:06:02', '2020-10-08 09:06:02', 0),
       ('26a88903-1ac4-47a1-8fd2-ff8c1beceabc', NULL, NULL, 'enc.NNZGK5L2MJ2W4ZDBONVWK4Q.',
        'test@t.de', 'QQmwzsiHLBTYQvuTi', 1, '2020-11-04 09:37:15', '2020-11-04 09:37:15', 0),
       ('28cfd242-e4b2-411f-9a3d-3b1a9559d5be', 0, NULL, 'enc.MN2XEZJNMRSWMYLVNR2C2YLTNNSXE...',
        '28cfd242-e4b2-411f-9a3d-3b1a9559d5be@beratungcaritas.de', 'XX6BZZqe2Ff55ja3R', 1,
        '2020-10-08 09:03:56', '2020-10-08 09:03:57', 0),
       ('2b0b48f9-5ed3-47de-9c85-10ca698c83cf', 0, NULL, 'enc.OBSXEZTPOJWWC3TDMUWWC43LMVZC2MJR',
        '2b0b48f9-5ed3-47de-9c85-10ca698c83cf@beratungcaritas.de', 'p4wavGE4yF9oKYCKT', 1,
        '2020-10-08 09:04:33', '2020-10-08 09:04:33', 0),
       ('2d6ad34c-86af-49b5-be9a-c89b99e30b92', 0, NULL, 'enc.OBSXEZTPOJWWC3TDMUWWC43LMVZC2MZR',
        '2d6ad34c-86af-49b5-be9a-c89b99e30b92@beratungcaritas.de', '4p2pLrHtkcRTTKNcx', 1,
        '2020-10-08 09:04:58', '2020-10-08 09:04:58', 0),
       ('34a893e1-a088-4f74-a6cc-f82eafea767e', 0, NULL,
        'enc.OJSWQYLCNFWGS5DBORUW63RNORSWC3JNMFZWWZLS',
        '34a893e1-a088-4f74-a6cc-f82eafea767e@beratungcaritas.de', 'PkkwbkngvbGkkCbad', 1,
        '2020-10-08 09:04:16', '2020-10-08 09:04:17', 0),
       ('373b5993-69e6-4e77-8a9f-9fbdeac5f7f1', 0, NULL, 'enc.OBSXEZTPOJWWC3TDMUWWC43LMVZC2MJT',
        '373b5993-69e6-4e77-8a9f-9fbdeac5f7f1@beratungcaritas.de', 'aZZa8xkMvBnYkw2SQ', 1,
        '2020-10-08 09:04:35', '2020-10-08 09:04:35', 0),
       ('3920f1d9-872f-4ebb-adc5-86ab55005c3b', 0, NULL, 'enc.OBSXEZTPOJWWC3TDMUWWC43LMVZC2NZT',
        '3920f1d9-872f-4ebb-adc5-86ab55005c3b@beratungcaritas.de', 'z7QkXG5BfbZNL7FBY', 1,
        '2020-10-08 09:05:48', '2020-10-08 09:05:49', 0),
       ('392e749b-c5d6-4801-a8b4-f9891a9063a9', 0, NULL, 'enc.OBSXEZTPOJWWC3TDMUWWC43LMVZC2NZV',
        '392e749b-c5d6-4801-a8b4-f9891a9063a9@beratungcaritas.de', 'v7WpzLugyjrP5GpDM', 1,
        '2020-10-08 09:05:51', '2020-10-08 09:05:51', 0),
       ('3fe6ebad-60dc-42dc-a1e1-319822b3e712', 0, NULL, 'enc.OBSXEZTPOJWWC3TDMUWWC43LMVZC2MRS',
        '3fe6ebad-60dc-42dc-a1e1-319822b3e712@beratungcaritas.de', 'msuPEokxvjJMZPBbc', 1,
        '2020-10-08 09:04:46', '2020-10-08 09:04:46', 0),
       ('41dafd8f-bea5-45ec-b77b-512a6da2e274', 0, NULL, 'enc.OBSXEZTPOJWWC3TDMUWWC43LMVZC2MRY',
        '41dafd8f-bea5-45ec-b77b-512a6da2e274@beratungcaritas.de', 'w6KGyknB7iqeCaej8', 1,
        '2020-10-08 09:04:54', '2020-10-08 09:04:54', 0),
       ('461afff4-2bbd-45d4-80aa-64a20b09f9b7', 0, NULL, 'enc.OBSXEZTPOJWWC3TDMUWWC43LMVZC2NJV',
        '461afff4-2bbd-45d4-80aa-64a20b09f9b7@beratungcaritas.de', 'uXJHiKaMrXDwbtTb8', 1,
        '2020-10-08 09:05:26', '2020-10-08 09:05:26', 0),
       ('47800d19-7974-41b8-ac32-fde0069b2e81', 0, NULL, 'enc.OBSXEZTPOJWWC3TDMUWWC43LMVZC2MJS',
        '47800d19-7974-41b8-ac32-fde0069b2e81@beratungcaritas.de', 'xEBMRp224oSQFBPNH', 1,
        '2020-10-08 09:04:34', '2020-10-08 09:04:34', 0),
       ('47fd4752-7abf-4205-be29-119978588cc3', 0, NULL, 'enc.OBSXEZTPOJWWC3TDMUWWC43LMVZC2MRU',
        '47fd4752-7abf-4205-be29-119978588cc3@beratungcaritas.de', 'xx9xJ6fDr6RSmaYgm', 1,
        '2020-10-08 09:04:48', '2020-10-08 09:04:49', 0),
       ('487c4c7d-3021-427f-8969-cc360069ea24', 0, NULL, 'enc.OBSXEZTPOJWWC3TDMUWWC43LMVZC2NI.',
        '487c4c7d-3021-427f-8969-cc360069ea24@beratungcaritas.de', '54Hfv3zWFKseCKCAL', 1,
        '2020-10-08 09:04:25', '2020-10-08 09:04:25', 0),
       ('497e29c1-63d7-4ee3-9fa3-6c5de0ec1b55', 0, NULL, 'enc.OBSXEZTPOJWWC3TDMUWWC43LMVZC2NJY',
        '497e29c1-63d7-4ee3-9fa3-6c5de0ec1b55@beratungcaritas.de', 'on2WESbRHFkNnC9zW', 1,
        '2020-10-08 09:05:30', '2020-10-08 09:05:30', 0),
       ('4c71c9f5-f041-40fe-8d19-cd6801efb41c', 0, NULL, 'enc.OBSXEZTPOJWWC3TDMUWWC43LMVZC2NRT',
        '4c71c9f5-f041-40fe-8d19-cd6801efb41c@beratungcaritas.de', '2mzax7mArpmd7D8ix', 1,
        '2020-10-08 09:05:36', '2020-10-08 09:05:36', 0),
       ('4f0a33f3-3a3d-45d8-90c1-83963fd5727c', 0, NULL, 'enc.OBSXEZTPOJWWC3TDMUWWC43LMVZC2NRZ',
        '4f0a33f3-3a3d-45d8-90c1-83963fd5727c@beratungcaritas.de', 'Zs7BCfEr9yfREMfkg', 1,
        '2020-10-08 09:05:43', '2020-10-08 09:05:44', 0),
       ('4f39a7d3-8360-4bd4-8808-89986fd3e0f1', 0, NULL, 'enc.OBSXEZTPOJWWC3TDMUWWC43LMVZC2MY.',
        '4f39a7d3-8360-4bd4-8808-89986fd3e0f1@beratungcaritas.de', 'cF42Wu3euRNQJowyP', 1,
        '2020-10-08 09:04:23', '2020-10-08 09:04:23', 0),
       ('4f8a3ee6-9a40-49a0-81f2-9b2791e7262a', 0, NULL, 'enc.OBSXEZTPOJWWC3TDMUWWC43LMVZC2OJT',
        '4f8a3ee6-9a40-49a0-81f2-9b2791e7262a@beratungcaritas.de', 'SsSXNmpzKASxmEozY', 1,
        '2020-10-08 09:06:13', '2020-10-08 09:06:14', 0),
       ('52889f42-7866-49d7-bd47-dd744058f6f3', 0, NULL, 'enc.OBSXEZTPOJWWC3TDMUWWC43LMVZC2NJU',
        '52889f42-7866-49d7-bd47-dd744058f6f3@beratungcaritas.de', 'LuYn5ANpRviuG6LEj', 1,
        '2020-10-08 09:05:25', '2020-10-08 09:05:25', 0),
       ('53367742-751f-4be0-b8f0-20acd2fbb5dc', 0, NULL, 'enc.OBSXEZTPOJWWC3TDMUWWC43LMVZC2MZX',
        '53367742-751f-4be0-b8f0-20acd2fbb5dc@beratungcaritas.de', 'yHAQRyWFpWejCmbBX', 1,
        '2020-10-08 09:05:04', '2020-10-08 09:05:05', 0),
       ('549c7519-7dab-4e61-b3b0-7ae0475090ab', 0, NULL,
        'enc.MRUXGYLCNFWGS5DZFVSGKZTBOVWHILLBONVWK4Q.',
        '549c7519-7dab-4e61-b3b0-7ae0475090ab@beratungcaritas.de', 'PdPmKGMgRZzStSEZJ', 1,
        '2020-10-08 09:04:06', '2020-10-08 09:04:07', 0),
       ('552d3f10-1b6d-47ee-aec5-b88fbf988f9e', NULL, NULL, 'enc.NVQXE2LP',
        '552d3f10-1b6d-47ee-aec5-b88fbf988f9e@beratungcaritas.de', NULL, 1, '2020-10-14 06:08:46',
        '2020-10-14 06:08:46', 0),
       ('5531a46e-131d-42b1-b426-12c3b720af72', 0, NULL, 'enc.OBSXEZTPOJWWC3TDMUWWC43LMVZC2NBW',
        '5531a46e-131d-42b1-b426-12c3b720af72@beratungcaritas.de', 'vm8MRvBKxrktxcv5y', 1,
        '2020-10-08 09:05:15', '2020-10-08 09:05:16', 0),
       ('56fe99d7-49be-4cee-890b-79a419eb7569', NULL, NULL, 'enc.OUZDKLLBONVWK4RS',
        '56fe99d7-49be-4cee-890b-79a419eb7569@beratungcaritas.de', 'p7gwn89gFkhhaZd7B', 0,
        '2020-10-22 09:35:46', '2020-10-22 09:35:57', 0),
       ('5ab6ef5d-b0b2-4a8d-96c8-1a9ffa3317c9', 0, NULL, 'enc.OBSXEZTPOJWWC3TDMUWWC43LMVZC2OI.',
        '5ab6ef5d-b0b2-4a8d-96c8-1a9ffa3317c9@beratungcaritas.de', 'za9JnXYG2LcXi2BtL', 1,
        '2020-10-08 09:04:30', '2020-10-08 09:04:31', 0),
       ('5bb9eb2a-afb9-4b27-aff3-511d7977e24c', 0, NULL, 'enc.OBSXEZTPOJWWC3TDMUWWC43LMVZC2NJZ',
        '5bb9eb2a-afb9-4b27-aff3-511d7977e24c@beratungcaritas.de', 'SohBqa7cMQGjzWgEq', 1,
        '2020-10-08 09:05:31', '2020-10-08 09:05:31', 0),
       ('6185408c-a63c-40d1-9531-0e28cec04ec0', 0, NULL, 'enc.OBSXEZTPOJWWC3TDMUWWC43LMVZC2NBZ',
        '6185408c-a63c-40d1-9531-0e28cec04ec0@beratungcaritas.de', 'ZWjSDrvCKfgXNGmAd', 1,
        '2020-10-08 09:05:19', '2020-10-08 09:05:19', 0),
       ('6197172d-2200-4b2c-8abc-74c54dd248a2', 0, NULL, 'enc.OBSXEZTPOJWWC3TDMUWWC43LMVZC2OJQ',
        '6197172d-2200-4b2c-8abc-74c54dd248a2@beratungcaritas.de', 'KB7zpGPEtRfMBDEj5', 1,
        '2020-10-08 09:06:09', '2020-10-08 09:06:10', 0),
       ('620edd83-2b6d-4185-b4a5-8e976b8f87b2', 0, NULL, 'enc.OBSXEZTPOJWWC3TDMUWWC43LMVZC2NBX',
        '620edd83-2b6d-4185-b4a5-8e976b8f87b2@beratungcaritas.de', 'Rn3cCaXQjp4rW6MbG', 1,
        '2020-10-08 09:05:16', '2020-10-08 09:05:17', 0),
       ('655a0dd9-c372-4eb7-91db-ff7ade89c1a0', 0, NULL, 'enc.OBSXEZTPOJWWC3TDMUWWC43LMVZC2MJU',
        '655a0dd9-c372-4eb7-91db-ff7ade89c1a0@beratungcaritas.de', 'wQASTETWJqSrd8uSR', 1,
        '2020-10-08 09:04:36', '2020-10-08 09:04:37', 0),
       ('679b6688-2b2b-43ff-af7a-873d9be81523', 0, NULL, 'enc.OBSXEZTPOJWWC3TDMUWWC43LMVZC2NZQ',
        '679b6688-2b2b-43ff-af7a-873d9be81523@beratungcaritas.de', 'wzG6e9bt93WaqpaNL', 1,
        '2020-10-08 09:05:44', '2020-10-08 09:05:45', 0),
       ('683435b1-18cb-4ee4-a405-a23b1153ee11', 0, NULL, 'enc.OBSXEZTPOJWWC3TDMUWWC43LMVZC2OJX',
        '683435b1-18cb-4ee4-a405-a23b1153ee11@beratungcaritas.de', 'GvcuHpEXWxQDYpQD6', 1,
        '2020-10-08 09:06:19', '2020-10-08 09:06:19', 0),
       ('68c87e38-fbf8-45c4-be20-745aecc89d3f', NULL, NULL, 'enc.ORSXG5DUMVZXIMJS',
        '68c87e38-fbf8-45c4-be20-745aecc89d3f@beratungcaritas.de', 'qMaEQMLFf85TFbxsj', 1,
        '2020-10-21 07:59:04', '2020-10-21 07:59:12', 0),
       ('6977c783-4b6d-415f-a885-4a0741f66498', 0, NULL, 'enc.MNUGS3DEOJSW4LLUMVQW2LLBONVWK4Q.',
        '6977c783-4b6d-415f-a885-4a0741f66498@beratungcaritas.de', 'meBr6Acs3WJFH2yXg', 1,
        '2020-10-08 09:04:19', '2020-10-08 09:04:19', 0),
       ('6ddc65e1-b78c-4036-af8b-d70190e52ddb', 0, NULL, 'enc.OBSXEZTPOJWWC3TDMUWWC43LMVZC2NZR',
        '6ddc65e1-b78c-4036-af8b-d70190e52ddb@beratungcaritas.de', 'd7n7ySySw9JTFzxuE', 1,
        '2020-10-08 09:05:46', '2020-10-08 09:05:46', 0),
       ('6fd1c97d-dfe6-45de-8e48-d7a44dad5f85', 0, NULL, 'enc.OBSXEZTPOJWWC3TDMUWWC43LMVZC2NRV',
        '6fd1c97d-dfe6-45de-8e48-d7a44dad5f85@beratungcaritas.de', '3w2gF4cKjgPo3JZmF', 1,
        '2020-10-08 09:05:38', '2020-10-08 09:05:39', 0),
       ('7197c296-b1d4-4731-9097-147e49883225', NULL, NULL, 'enc.ON2WG2DUNRSXE...', 'test@test.de',
        NULL, 1, '2020-11-04 07:13:15', '2020-11-04 07:13:15', 0),
       ('729c7fe2-d08a-409f-bbfd-2991e7171c26', 0, NULL, 'enc.MFUWI4ZNMRSWMYLVNR2C2YLTNNSXE...',
        '729c7fe2-d08a-409f-bbfd-2991e7171c26@beratungcaritas.de', 'ndycFrdXqgbPGDa9y', 1,
        '2020-10-08 09:04:15', '2020-10-08 09:04:16', 0),
       ('72d64de8-f656-4a88-b9f4-c708a452660f', 0, NULL, 'enc.OBSXEZTPOJWWC3TDMUWWC43LMVZC2MJZ',
        '72d64de8-f656-4a88-b9f4-c708a452660f@beratungcaritas.de', 'BgqPz6oxzBfRWoCP5', 1,
        '2020-10-08 09:04:42', '2020-10-08 09:04:43', 0),
       ('739fa1e1-9ee5-4710-8167-a12057e9f627', 0, NULL, 'enc.OBSXEZTPOJWWC3TDMUWWC43LMVZC2MRX',
        '739fa1e1-9ee5-4710-8167-a12057e9f627@beratungcaritas.de', 'kMKZZSSbQR2RxqbFG', 1,
        '2020-10-08 09:04:53', '2020-10-08 09:04:53', 0),
       ('780ce9a1-cd81-43c7-9560-0ce843469039', NULL, NULL, 'enc.KRSXG5COOV2HUZLS',
        '780ce9a1-cd81-43c7-9560-0ce843469039@beratungcaritas.de', 'zyhTabCsv3JSQgie9', 0,
        '2020-10-20 11:03:25', '2020-10-20 11:03:43', 0),
       ('7cf1adae-1b74-42d7-ba7f-25ae4a65c9d4', 0, NULL,
        'enc.N5TGMZLOMRSXELLEMVTGC5LMOQWWC43LMVZA....',
        '7cf1adae-1b74-42d7-ba7f-25ae4a65c9d4@beratungcaritas.de', 'KpycQfsB2KKopdYFn', 1,
        '2020-10-08 09:04:14', '2020-10-08 09:04:14', 0),
       ('7e87117b-83f5-4651-9649-fca51e038997', NULL, NULL, 'enc.ORSXG5DUMVZXI5DFON2A....',
        '7e87117b-83f5-4651-9649-fca51e038997@beratungcaritas.de', 'xwgv4dArmiDTrfdxn', 0,
        '2020-10-20 11:11:39', '2020-10-20 11:11:49', 0),
       ('81bea0a7-326b-4554-8196-d0eb93da123c', 0, NULL, 'enc.OBSXEZTPOJWWC3TDMUWWC43LMVZC2NBT',
        '81bea0a7-326b-4554-8196-d0eb93da123c@beratungcaritas.de', 'hwDFbpqzgi4B2Jk4u', 1,
        '2020-10-08 09:05:12', '2020-10-08 09:05:12', 0),
       ('8352ab20-e76e-4114-915f-6b18cdcd6002', 0, NULL, 'enc.MRSWE5BNMRSWMYLVNR2C2YLTNNSXE...',
        '8352ab20-e76e-4114-915f-6b18cdcd6002@beratungcaritas.de', 'YZyYFFWKENP2gXQmb', 1,
        '2020-10-08 09:03:57', '2020-10-08 09:03:58', 0),
       ('84edf163-cf96-4d20-a0e6-8d14328bd70d', 0, NULL, 'enc.OBSXEZTPOJWWC3TDMUWWC43LMVZC2NBS',
        '84edf163-cf96-4d20-a0e6-8d14328bd70d@beratungcaritas.de', '2PWKPcicwq4XXrzqv', 1,
        '2020-10-08 09:05:10', '2020-10-08 09:05:11', 0),
       ('84fffb36-aa48-43ad-ab7f-571f86c1690a', 0, NULL, 'enc.OBSXEZTPOJWWC3TDMUWWC43LMVZC2NZZ',
        '84fffb36-aa48-43ad-ab7f-571f86c1690a@beratungcaritas.de', 'FFAEgAt44jdNHKwZN', 1,
        '2020-10-08 09:05:56', '2020-10-08 09:05:56', 0),
       ('89166257-d326-4bc7-bfd9-aee1fb2ac37b', 0, NULL, 'enc.OBSXEZTPOJWWC3TDMUWWC43LMVZC2MJW',
        '89166257-d326-4bc7-bfd9-aee1fb2ac37b@beratungcaritas.de', '9k6nk7CvRX8YAtERW', 1,
        '2020-10-08 09:04:39', '2020-10-08 09:04:39', 0),
       ('892c6250-94ad-4d2d-8b3d-91f41fe37e34', 0, NULL, 'enc.OBSXEZTPOJWWC3TDMUWWC43LMVZC2OJU',
        '892c6250-94ad-4d2d-8b3d-91f41fe37e34@beratungcaritas.de', '75oraWmyFfLWTynvE', 1,
        '2020-10-08 09:06:15', '2020-10-08 09:06:15', 0),
       ('8a08d08d-f5c4-409f-a597-490678f948c1', 0, NULL, 'enc.OBSXEZTPOJWWC3TDMUWWC43LMVZC2NRQ',
        '8a08d08d-f5c4-409f-a597-490678f948c1@beratungcaritas.de', '3GmAfTj6Kne3No7w2', 1,
        '2020-10-08 09:05:32', '2020-10-08 09:05:32', 0),
       ('8aa757e8-5ca4-4e22-b36a-105d0d4c2b6d', 0, NULL, 'enc.OBSXEZTPOJWWC3TDMUWWC43LMVZC2OBT',
        '8aa757e8-5ca4-4e22-b36a-105d0d4c2b6d@beratungcaritas.de', 'CsrNvrjcKr3pRdttp', 1,
        '2020-10-08 09:06:00', '2020-10-08 09:06:01', 0),
       ('8b7312d6-910f-4d35-9d35-a9b09c9fde3a', 0, NULL,
        'enc.OBZGKZ3OMFXGG6JNMRSWMYLVNR2C2YLTNNSXE...',
        '8b7312d6-910f-4d35-9d35-a9b09c9fde3a@beratungcaritas.de', 'rj7ArcoDZ7rca9H2M', 0,
        '2020-10-08 09:03:51', '2020-10-08 09:03:51', 0),
       ('8df2f0d8-281b-419c-9a59-8447b9cb6715', 0, NULL, 'enc.OBSXEZTPOJWWC3TDMUWWC43LMVZC2MZW',
        '8df2f0d8-281b-419c-9a59-8447b9cb6715@beratungcaritas.de', 'kb3kvJWMdzd7kS7Gd', 1,
        '2020-10-08 09:05:03', '2020-10-08 09:05:04', 0),
       ('8fb09067-a489-4a79-b342-d726c2a80d2b', 0, NULL, 'enc.ONXWG2LBNQWWIZLGMF2WY5BNMFZWWZLS',
        '8fb09067-a489-4a79-b342-d726c2a80d2b@beratungcaritas.de', 'bwjypveCYaw7zMz5Y', 1,
        '2020-10-08 09:04:01', '2020-10-08 09:04:01', 0),
       ('9113d9c7-d8de-402f-82a9-5276af7a8e34', 0, NULL, 'enc.OBSXEZTPOJWWC3TDMUWWC43LMVZC2NZX',
        '9113d9c7-d8de-402f-82a9-5276af7a8e34@beratungcaritas.de', 'RNpp2BWKqMkyE2MDB', 1,
        '2020-10-08 09:05:53', '2020-10-08 09:05:54', 0),
       ('92d46a1f-e37e-479b-b808-00f54c622cd2', 0, NULL, 'enc.OBSXEZTPOJWWC3TDMUWWC43LMVZC2NJX',
        '92d46a1f-e37e-479b-b808-00f54c622cd2@beratungcaritas.de', 'Qc6dcKkKiQ8PKdR7k', 1,
        '2020-10-08 09:05:28', '2020-10-08 09:05:29', 0),
       ('97ff8289-a59a-4f7f-afb4-bfeb2acfe3c1', 0, NULL, 'enc.OBSXEZTPOJWWC3TDMUWWC43LMVZC2NBV',
        '97ff8289-a59a-4f7f-afb4-bfeb2acfe3c1@beratungcaritas.de', 'ApsNJPWuttpX2gWLW', 1,
        '2020-10-08 09:05:14', '2020-10-08 09:05:14', 0),
       ('98367c80-b430-44de-9db4-ad60a146e169', 0, NULL, 'enc.OBSXEZTPOJWWC3TDMUWWC43LMVZC2MRZ',
        '98367c80-b430-44de-9db4-ad60a146e169@beratungcaritas.de', 'usfMNnKZq66ZT7uSw', 1,
        '2020-10-08 09:04:55', '2020-10-08 09:04:56', 0),
       ('9c4057d0-05ad-4e86-a47c-dc5bdeec03b9', NULL, NULL, 'enc.OUZDK43VMNUHI3DFOI......',
        '9c4057d0-05ad-4e86-a47c-dc5bdeec03b9@beratungcaritas.de', 'J7vrcAhNNsogLGJcj', 0,
        '2020-11-04 09:18:21', '2020-11-04 09:18:33', 0),
       ('9c4b5470-ac4f-476e-b684-7c1930df51c5', 0, NULL, 'enc.OBSXEZTPOJWWC3TDMUWWC43LMVZC2OBW',
        '9c4b5470-ac4f-476e-b684-7c1930df51c5@beratungcaritas.de', '5KR9sZStb2MtoNkTP', 1,
        '2020-10-08 09:06:05', '2020-10-08 09:06:05', 0),
       ('a1632507-6697-4cbc-bde5-e714c015b19c', 0, NULL, 'enc.OBSXEZTPOJWWC3TDMUWWC43LMVZC2MRQ',
        'a1632507-6697-4cbc-bde5-e714c015b19c@beratungcaritas.de', 'Mi8keFbskFoYkAuBq', 1,
        '2020-10-08 09:04:44', '2020-10-08 09:04:44', 0),
       ('a38983e3-43f7-49ac-ab61-18161fd45b69', 0, NULL, 'enc.OUZDKLLBONVWK4Q.',
        'a38983e3-43f7-49ac-ab61-18161fd45b69@beratungcaritas.de', '8JdBXFj877kiKcE5Y', 0,
        '2020-10-08 09:03:49', '2020-10-08 09:03:50', 0),
       ('a42809ea-3880-432e-95a2-c757df3e7712', 0, NULL, 'enc.OBSXEZTPOJWWC3TDMUWWC43LMVZC2NZW',
        'a42809ea-3880-432e-95a2-c757df3e7712@beratungcaritas.de', 'Q2qGv3YfpGgtcmh92', 1,
        '2020-10-08 09:05:52', '2020-10-08 09:05:53', 0),
       ('a46f4d54-b9c6-427e-8b8c-b1687da833c4', 0, NULL, 'enc.OBSXEZTPOJWWC3TDMUWWC43LMVZC2MQ.',
        'a46f4d54-b9c6-427e-8b8c-b1687da833c4@beratungcaritas.de', '6363epbRxXXP9fMe7', 1,
        '2020-10-08 09:04:21', '2020-10-08 09:04:22', 0),
       ('a63c4509-37e8-4851-b6dc-bcaa04ecf907', 0, NULL, 'enc.ONXWG2LBNQWXIZLBNUWWC43LMVZA....',
        'a63c4509-37e8-4851-b6dc-bcaa04ecf907@beratungcaritas.de', '48sr25YJRnsYmZ3Hq', 1,
        '2020-10-08 09:04:02', '2020-10-08 09:04:02', 0),
       ('a70122e6-c1c1-41ed-80fe-e7021b75649c', 0, NULL, 'enc.OBSXEZTPOJWWC3TDMUWWC43LMVZC2OJR',
        'a70122e6-c1c1-41ed-80fe-e7021b75649c@beratungcaritas.de', 'iXKeZZCdM2DEd3FXL', 1,
        '2020-10-08 09:06:11', '2020-10-08 09:06:11', 0),
       ('abb9bf86-a5ac-4727-a9c2-e4962fe09681', 0, NULL, 'enc.OBSXEZTPOJWWC3TDMUWWC43LMVZC2NRU',
        'abb9bf86-a5ac-4727-a9c2-e4962fe09681@beratungcaritas.de', 'dwqRzGXQcm9kSfWes', 1,
        '2020-10-08 09:05:37', '2020-10-08 09:05:37', 0),
       ('ada498f6-29d4-4d01-8749-e2f6ec4d58ca', 0, NULL, 'enc.OBSXEZTPOJWWC3TDMUWWC43LMVZC2OBZ',
        'ada498f6-29d4-4d01-8749-e2f6ec4d58ca@beratungcaritas.de', 'x8guY4ki7xWYWHmzA', 1,
        '2020-10-08 09:06:08', '2020-10-08 09:06:09', 0),
       ('aeafa0c1-3e8c-4285-aa9f-dcf281cdd7f3', 0, NULL, 'enc.OBSXEZTPOJWWC3TDMUWWC43LMVZC2NBU',
        'aeafa0c1-3e8c-4285-aa9f-dcf281cdd7f3@beratungcaritas.de', 'fTwKgPTtgDYg6hd7p', 1,
        '2020-10-08 09:05:13', '2020-10-08 09:05:13', 0),
       ('b0d50e77-5a91-47ea-9d32-a634c1828ba6', 0, NULL, 'enc.OBSXEZTPOJWWC3TDMUWWC43LMVZC2OBV',
        'b0d50e77-5a91-47ea-9d32-a634c1828ba6@beratungcaritas.de', 'cr4R2BT6DRP77NcDe', 1,
        '2020-10-08 09:06:03', '2020-10-08 09:06:03', 0),
       ('b35fe70d-e832-4c7d-9758-db9b049400c5', NULL, NULL, 'enc.ORSXG5DB',
        'b35fe70d-e832-4c7d-9758-db9b049400c5@beratungcaritas.de', NULL, 1, '2020-10-13 07:12:18',
        '2020-10-13 07:12:18', 0),
       ('b4059586-22d1-4d45-aa45-454db959fa50', 0, NULL, 'enc.OBSXEZTPOJWWC3TDMUWWC43LMVZC2OA.',
        'b4059586-22d1-4d45-aa45-454db959fa50@beratungcaritas.de', 'sMAfDnuQ3THe6fvLs', 1,
        '2020-10-08 09:04:29', '2020-10-08 09:04:29', 0),
       ('b4ad2528-280f-4865-9f30-1a63e1feb261', 0, NULL, 'enc.OBSXEZTPOJWWC3TDMUWWC43LMVZC2NJQ',
        'b4ad2528-280f-4865-9f30-1a63e1feb261@beratungcaritas.de', 'xomtyupFfvfuTrqPp', 1,
        '2020-10-08 09:05:20', '2020-10-08 09:05:20', 0),
       ('b4f7ff27-6be9-49ae-83a2-f8447dae5259', NULL, NULL, 'enc.OUZDK5DFON2DGNJVGU......',
        'b4f7ff27-6be9-49ae-83a2-f8447dae5259@beratungcaritas.de', NULL, 0, '2020-11-04 07:21:50',
        '2020-11-04 07:21:50', 0),
       ('b5133bd8-e53e-4db9-a38d-2f825587313d', 0, NULL, 'enc.OBSXEZTPOJWWC3TDMUWWC43LMVZC2NBY',
        'b5133bd8-e53e-4db9-a38d-2f825587313d@beratungcaritas.de', 'iuenYg2NjKJfXvtuY', 1,
        '2020-10-08 09:05:18', '2020-10-08 09:05:18', 0),
       ('b7d74ad3-7361-42be-8d34-81bc44f2f903', 0, NULL, 'enc.OBSXEZTPOJWWC3TDMUWWC43LMVZC2NBR',
        'b7d74ad3-7361-42be-8d34-81bc44f2f903@beratungcaritas.de', '2BZEAxam4T28pzMeL', 1,
        '2020-10-08 09:05:09', '2020-10-08 09:05:10', 0),
       ('b80701f9-edd4-4231-9b5e-d18eff99f139', 0, NULL, 'enc.OBSXEZTPOJWWC3TDMUWWC43LMVZC2NQ.',
        'b80701f9-edd4-4231-9b5e-d18eff99f139@beratungcaritas.de', 'o63ftevd9RTdZB2fA', 1,
        '2020-10-08 09:04:27', '2020-10-08 09:04:27', 0),
       ('bb9a4c21-9398-407a-b94d-743fdbea7e63', 0, NULL, 'enc.MRSWE5BNORSWC3JNMFZWWZLS',
        'bb9a4c21-9398-407a-b94d-743fdbea7e63@beratungcaritas.de', 'cghTQELcnccbjRuvN', 1,
        '2020-10-08 09:03:59', '2020-10-08 09:04:00', 0),
       ('bc97a2c0-2811-462e-aa92-c9f61415ee2e', 0, NULL, 'enc.OBQXEZLOORUW4ZZNORSWC3JNMFZWWZLS',
        'bc97a2c0-2811-462e-aa92-c9f61415ee2e@beratungcaritas.de', 'SGK3fgX5w4H6RDNqd', 1,
        '2020-10-08 09:03:55', '2020-10-08 09:03:55', 0),
       ('be1824ea-c686-4af1-873d-c26cbc715689', 0, NULL, 'enc.OBSXEZTPOJWWC3TDMUWWC43LMVZC2MRT',
        'be1824ea-c686-4af1-873d-c26cbc715689@beratungcaritas.de', '8G2oPkrDvsK9Es8Ag', 1,
        '2020-10-08 09:04:47', '2020-10-08 09:04:47', 0),
       ('be18f5f7-484d-4b70-816c-63217162322b', NULL, NULL, 'enc.MFZG22LOORSXG5A.',
        'be18f5f7-484d-4b70-816c-63217162322b@beratungcaritas.de', '4pFDFZemcYR4hZkKR', 0,
        '2020-10-27 08:00:05', '2020-10-27 08:00:49', 0),
       ('bf55e8c3-985a-483f-b079-1e468f451082', 0, NULL,
        'enc.MRUXGYLCNFWGS5DZFV2GKYLNFVQXG23FOI......',
        'bf55e8c3-985a-483f-b079-1e468f451082@beratungcaritas.de', 'ZwYArTMnJWfF5Gbig', 1,
        '2020-10-08 09:04:08', '2020-10-08 09:04:08', 0),
       ('c0db8283-eb25-478a-af35-a84276e46ede', 0, NULL, 'enc.OBSXEZTPOJWWC3TDMUWWC43LMVZC2OJZ',
        'c0db8283-eb25-478a-af35-a84276e46ede@beratungcaritas.de', 'XD94iYoyF6pjxXFDe', 1,
        '2020-10-08 09:06:21', '2020-10-08 09:06:21', 0),
       ('c1c229fd-bf08-451a-93f7-e047aaac34ae', 0, NULL, 'enc.NRQXOLLEMVTGC5LMOQWWC43LMVZA....',
        'c1c229fd-bf08-451a-93f7-e047aaac34ae@beratungcaritas.de', '97TxBSQAJ6Sy5p9Zg', 1,
        '2020-10-08 09:04:09', '2020-10-08 09:04:09', 0),
       ('c32950a8-b69e-4c48-8d34-831dfc25e1b3', 0, NULL, 'enc.OBSXEZTPOJWWC3TDMUWWC43LMVZC2OBS',
        'c32950a8-b69e-4c48-8d34-831dfc25e1b3@beratungcaritas.de', 'bZBWumZZwBjNjoaco', 1,
        '2020-10-08 09:05:59', '2020-10-08 09:06:00', 0),
       ('c68cb3db-4081-4e3e-bf50-a001fbc957e5', 0, NULL,
        'enc.OBQXEZLOORUW4ZZNMRSWMYLVNR2C2YLTNNSXE...',
        'c68cb3db-4081-4e3e-bf50-a001fbc957e5@beratungcaritas.de', 'fm79qoQqL6uvRv7qJ', 1,
        '2020-10-08 09:03:54', '2020-10-08 09:03:54', 0),
       ('c71d361b-59d5-42c6-99b2-aa99070d0fa0', 0, NULL, 'enc.OBSXEZTPOJWWC3TDMUWWC43LMVZC2MZS',
        'c71d361b-59d5-42c6-99b2-aa99070d0fa0@beratungcaritas.de', 'qmFBTZTwNN4gKXxjk', 1,
        '2020-10-08 09:04:59', '2020-10-08 09:04:59', 0),
       ('c74571d2-8b8b-4233-b599-4d152a4a4e48', 0, NULL, 'enc.OBSXEZTPOJWWC3TDMUWWC43LMVZC2MZZ',
        'c74571d2-8b8b-4233-b599-4d152a4a4e48@beratungcaritas.de', 'KKieAdJL6rDaFip7v', 1,
        '2020-10-08 09:05:07', '2020-10-08 09:05:07', 0),
       ('ca5e3d47-b06a-4584-9508-a9c77557152c', 0, NULL, 'enc.OBWGC3SCFV2GKYLNFVQXG23FOI......',
        'ca5e3d47-b06a-4584-9508-a9c77557152c@beratungcaritas.de', 'zyuNbQohcZXjyRbGQ', 0,
        '2020-10-08 09:04:13', '2020-10-08 09:04:13', 0),
       ('ce9ca5e1-b0a2-4200-b764-2eb39a16a377', 0, NULL, 'enc.OBSXEZTPOJWWC3TDMUWWC43LMVZC2NRY',
        'ce9ca5e1-b0a2-4200-b764-2eb39a16a377@beratungcaritas.de', 'gwGrTrAwgFGjKNLMH', 1,
        '2020-10-08 09:05:42', '2020-10-08 09:05:42', 0),
       ('cf2039ec-0eef-4805-8a14-2c2acffc2e3f', 0, NULL, 'enc.OBSXEZTPOJWWC3TDMUWWC43LMVZC2NRX',
        'cf2039ec-0eef-4805-8a14-2c2acffc2e3f@beratungcaritas.de', 'bDRRb2DKkyruNrTKk', 1,
        '2020-10-08 09:05:41', '2020-10-08 09:05:41', 0),
       ('d0719b49-cc7e-4755-9052-a758fe8c8d85', 0, NULL,
        'enc.ONSW42LPOJUXI6JNMRSWMYLVNR2C2YLTNNSXE...',
        'd0719b49-cc7e-4755-9052-a758fe8c8d85@beratungcaritas.de', '2Q5kNWLLYYRSZnvww', 1,
        '2020-10-08 09:04:04', '2020-10-08 09:04:04', 0),
       ('d27afce4-b88f-4323-b968-e455914f8d7b', 0, NULL, 'enc.OBZGKZ3OMFXGG6JNORSWC3JNMFZWWZLS',
        'd27afce4-b88f-4323-b968-e455914f8d7b@beratungcaritas.de', 'P3MiTkGzeoudKCofA', 0,
        '2020-10-08 09:03:52', '2020-10-08 09:03:53', 0),
       ('d340dd99-62af-4831-9676-882f7cf2b392', 0, NULL, 'enc.OBSXEZTPOJWWC3TDMUWWC43LMVZC2MJX',
        'd340dd99-62af-4831-9676-882f7cf2b392@beratungcaritas.de', 'zFDXkipjL7Zd6vK4e', 1,
        '2020-10-08 09:04:40', '2020-10-08 09:04:40', 0),
       ('d5b81259-bea7-455a-b112-b53706cbf38f', 0, NULL, 'enc.OBSXEZTPOJWWC3TDMUWWC43LMVZC2MZQ',
        'd5b81259-bea7-455a-b112-b53706cbf38f@beratungcaritas.de', '3WScR3oi2hvM6TQLA', 1,
        '2020-10-08 09:04:56', '2020-10-08 09:04:57', 0),
       ('d716bdb7-3dd8-4b01-9f9b-7b7b214c8a71', 0, NULL, 'enc.OBSXEZTPOJWWC3TDMUWWC43LMVZC2MZT',
        'd716bdb7-3dd8-4b01-9f9b-7b7b214c8a71@beratungcaritas.de', 'AdENRMd9zgeNsfT4j', 1,
        '2020-10-08 09:05:00', '2020-10-08 09:05:00', 0),
       ('d7abe2c2-2e2d-48f2-a900-bc57d86bf3f7', NULL, NULL, 'enc.ORSXG5DUMVZXI...',
        'test@open4business.de', NULL, 1, '2020-10-21 07:58:22', '2020-10-21 07:58:22', 0),
       ('d9b10dea-bebf-49da-8f2f-5ab986f9d1bf', NULL, NULL, 'enc.NBQWY3DPORSXG5A.',
        'd9b10dea-bebf-49da-8f2f-5ab986f9d1bf@beratungcaritas.de', 'AovDsp9XyyNELJvBj', 0,
        '2020-10-20 11:42:36', '2020-10-20 11:43:14', 0),
       ('de46fedb-4138-4862-9e0a-452e920840d1', 0, NULL, 'enc.OBSXEZTPOJWWC3TDMUWWC43LMVZC2NRW',
        'de46fedb-4138-4862-9e0a-452e920840d1@beratungcaritas.de', 'xApbFBbgKxxjh5aia', 1,
        '2020-10-08 09:05:40', '2020-10-08 09:05:40', 0),
       ('de94d670-4ce0-4f42-8465-65416002d67b', 0, NULL, 'enc.OBSXEZTPOJWWC3TDMUWWC43LMVZC2MZU',
        'de94d670-4ce0-4f42-8465-65416002d67b@beratungcaritas.de', 'PBG6iSkRZrkq6FGMp', 1,
        '2020-10-08 09:05:01', '2020-10-08 09:05:01', 0),
       ('df5a2183-461e-4797-af41-4947d6207369', 0, NULL, 'enc.OBSXEZTPOJWWC3TDMUWWC43LMVZC2OJY',
        'df5a2183-461e-4797-af41-4947d6207369@beratungcaritas.de', 'cr7ZADkmWY7kr3btT', 1,
        '2020-10-08 09:06:20', '2020-10-08 09:06:20', 0),
       ('e058b3fd-04e6-40d9-a1ef-0e32eba5bc9a', 0, NULL, 'enc.OBSXEZTPOJWWC3TDMUWWC43LMVZC2OBY',
        'e058b3fd-04e6-40d9-a1ef-0e32eba5bc9a@beratungcaritas.de', 'EHsf6WKsJjqPPgWr8', 1,
        '2020-10-08 09:06:07', '2020-10-08 09:06:07', 0),
       ('e084e40d-87de-460c-b955-0f4fc44b2d34', 0, NULL, 'enc.OBSXEZTPOJWWC3TDMUWWC43LMVZC2OJW',
        'e084e40d-87de-460c-b955-0f4fc44b2d34@beratungcaritas.de', 'jnYSJW9A5DJfdNixL', 1,
        '2020-10-08 09:06:18', '2020-10-08 09:06:18', 0),
       ('e0b22e51-04e2-473b-962d-64d43a4fae16', 0, NULL, 'enc.OBSXEZTPOJWWC3TDMUWWC43LMVZC2NRS',
        'e0b22e51-04e2-473b-962d-64d43a4fae16@beratungcaritas.de', 'WASxyMFjreK73DQqJ', 1,
        '2020-10-08 09:05:34', '2020-10-08 09:05:35', 0),
       ('e179d5b6-c46e-4600-90a3-ae5c71455750', 0, NULL,
        'enc.MNUGS3DEOJSW4LLEMVTGC5LMOQWWC43LMVZA....',
        'e179d5b6-c46e-4600-90a3-ae5c71455750@beratungcaritas.de', 'fAtpCFSozpYpceMFh', 1,
        '2020-10-08 09:04:18', '2020-10-08 09:04:18', 0),
       ('e5d4b473-d124-40bf-b169-c12c61911166', 0, NULL, 'enc.OBSXEZTPOJWWC3TDMUWWC43LMVZC2NJT',
        'e5d4b473-d124-40bf-b169-c12c61911166@beratungcaritas.de', 'QPYNKGsp4qWztevNp', 1,
        '2020-10-08 09:05:23', '2020-10-08 09:05:24', 0),
       ('e6df2553-db22-451e-b66b-9fe434803132', 0, NULL, 'enc.OBSXEZTPOJWWC3TDMUWWC43LMVZC2MI.',
        'e6df2553-db22-451e-b66b-9fe434803132@beratungcaritas.de', 'iWBGvjPnDRwrFMPYd', 1,
        '2020-10-08 09:04:20', '2020-10-08 09:04:20', 0),
       ('e838f22c-75a8-45cb-8ee6-91ca3153b2ea', 0, NULL, 'enc.OBSXEZTPOJWWC3TDMUWWC43LMVZC2NBQ',
        'e838f22c-75a8-45cb-8ee6-91ca3153b2ea@beratungcaritas.de', 'TJ6YDazubS9kix5jT', 1,
        '2020-10-08 09:05:08', '2020-10-08 09:05:08', 0),
       ('e8f9cabb-29bf-4b98-bf8f-efbe7cfd1c5c', 0, NULL, 'enc.OBSXEZTPOJWWC3TDMUWWC43LMVZC2MRV',
        'e8f9cabb-29bf-4b98-bf8f-efbe7cfd1c5c@beratungcaritas.de', 'chChLrB5hXiGkJjJT', 1,
        '2020-10-08 09:04:49', '2020-10-08 09:04:50', 0),
       ('e99de411-c473-4103-aa00-2dbfab6d18b6', 0, NULL, 'enc.NRQXOLLUMVQW2LLBONVWK4Q.',
        'e99de411-c473-4103-aa00-2dbfab6d18b6@beratungcaritas.de', 'jTnB9r6p4AyircZXW', 1,
        '2020-10-08 09:04:10', '2020-10-08 09:04:11', 0),
       ('eba13c5e-091e-4ada-b8e6-f6d765a4b659', 0, NULL, 'enc.OBSXEZTPOJWWC3TDMUWWC43LMVZC2OJV',
        'eba13c5e-091e-4ada-b8e6-f6d765a4b659@beratungcaritas.de', 'yaAX47eucMkYByhm5', 1,
        '2020-10-08 09:06:16', '2020-10-08 09:06:17', 0),
       ('ece53279-1305-46e6-8d41-65a66ef10416', 0, NULL, 'enc.OBSXEZTPOJWWC3TDMUWWC43LMVZC2OBX',
        'ece53279-1305-46e6-8d41-65a66ef10416@beratungcaritas.de', 'NqjJmE2cEfF57AiGX', 1,
        '2020-10-08 09:06:06', '2020-10-08 09:06:06', 0),
       ('ef3db553-09e7-4e65-bedc-c091224889eb', 0, NULL, 'enc.OBSXEZTPOJWWC3TDMUWWC43LMVZC2MZV',
        'ef3db553-09e7-4e65-bedc-c091224889eb@beratungcaritas.de', '2foifL7BkAcGj7NRS', 1,
        '2020-10-08 09:05:02', '2020-10-08 09:05:02', 0),
       ('f55104c2-7358-4c2d-bebc-d7398e2029d3', 0, NULL, 'enc.OBSXEZTPOJWWC3TDMUWWC43LMVZC2OBQ',
        'f55104c2-7358-4c2d-bebc-d7398e2029d3@beratungcaritas.de', 'D6pvzHDtabRd2uDK2', 1,
        '2020-10-08 09:05:57', '2020-10-08 09:05:57', 0),
       ('f7e7570a-3532-4c2d-a457-7b8834ea7977', 0, NULL, 'enc.OBWGC3SCFVSGKZTBOVWHILLBONVWK4Q.',
        'f7e7570a-3532-4c2d-a457-7b8834ea7977@beratungcaritas.de', 'zS4tB7B92zCiwDaAa', 0,
        '2020-10-08 09:04:11', '2020-10-08 09:04:12', 0),
       ('fa7d0453-93f5-4d17-a205-a27a5e9cc2f3', NULL, NULL, 'enc.NNRHIZLTOQ......',
        'fa7d0453-93f5-4d17-a205-a27a5e9cc2f3@beratungcaritas.de', 'RsezBwbkp2mekArTq', 1,
        '2020-10-28 15:05:14', '2020-10-28 15:05:14', 0),
       ('fa805afe-7439-4ae6-929c-b7e8334b1ec3', 0, NULL, 'enc.OBSXEZTPOJWWC3TDMUWWC43LMVZC2MJY',
        'fa805afe-7439-4ae6-929c-b7e8334b1ec3@beratungcaritas.de', 'Ke6tk3ZYKtuGrtn8G', 1,
        '2020-10-08 09:04:41', '2020-10-08 09:04:41', 0),
       ('fc0264d1-5b49-4993-89cf-6f71fbf3850a', 0, NULL, 'enc.OBSXEZTPOJWWC3TDMUWWC43LMVZC2OJS',
        'fc0264d1-5b49-4993-89cf-6f71fbf3850a@beratungcaritas.de', 'PvgFMxN4eZvfCoKJD', 1,
        '2020-10-08 09:06:12', '2020-10-08 09:06:12', 0),
       ('fc19d6a9-f9ba-40c7-bfae-2883b6d56a3a', 0, NULL, 'enc.OBSXEZTPOJWWC3TDMUWWC43LMVZC2MRR',
        'fc19d6a9-f9ba-40c7-bfae-2883b6d56a3a@beratungcaritas.de', 'CTPCk2eHdrTpAn2FF', 1,
        '2020-10-08 09:04:45', '2020-10-08 09:04:45', 0),
       ('fd639b0e-4e90-415e-9cd4-372781b71ce4', NULL, NULL, 'enc.OUZDKZDFOBYA....',
        'fd639b0e-4e90-415e-9cd4-372781b71ce4@beratungcaritas.de', 'JXA8rJzPnhLod8zX3', 0,
        '2020-11-04 09:29:14', '2020-11-04 09:29:30', 0),
       ('fd8d66e9-ca90-4dfa-872d-c4234752940d', NULL, NULL, 'enc.NR2WSZ3J',
        'fd8d66e9-ca90-4dfa-872d-c4234752940d@beratungcaritas.de', NULL, 1, '2020-10-14 06:40:03',
        '2020-10-14 06:40:03', 0),
       ('fda9a0a1-c936-45ee-9141-d73dfc0a3348', 0, NULL, 'enc.OBSXEZTPOJWWC3TDMUWWC43LMVZC2MJQ',
        'fda9a0a1-c936-45ee-9141-d73dfc0a3348@beratungcaritas.de', 'v43RmkXQG23tf3kWf', 1,
        '2020-10-08 09:04:32', '2020-10-08 09:04:32', 0),
       ('abc9a0a1-c936-45ee-9141-d73dfc0a3999', 0, NULL, 'enc.OBSXEZTPOJBWC3TAMUWWC43LMVZC2MJQ',
        'abc9a0a1-c936-45ee-9141-d73dfc0a3999@beratungcaritas.de', '3tf3kWfdG23tf3kWf', 1,
        '2018-05-01 09:04:32', '2020-10-08 09:04:32', 0),
       ('def9a0a1-c936-45ee-9141-d73dfc0a3888', 0, NULL, 'enc.OBSXEZTCOJDWC3TAMUWWC43LMVZC2MJQ',
        'def9a0a1-c936-45ee-9141-d73dfc0a3888@beratungcaritas.de', 'atFf3kAfdG23tf3kWf', 1,
        '2018-04-20 11:09:32', '2018-04-20 11:09:32', 0),
       ('hki9a0a1-c936-45ee-9141-d73dfc0a3777', 0, NULL, 'enc.ODDXEZTCOJDWC3TAMUWWC43LMVZC2MJQ',
        'hki9a0a1-c936-45ee-9141-d73dfc0a3777@beratungcaritas.de', 'atFf3kAfdG23tf3kWf', 1,
        '2018-02-05 11:09:32', '2018-02-05 11:09:32', 0),
       ('dlk9a0a1-c936-45ee-9141-d73dfc0a3666', 0, NULL, 'enc.ODDXEZTCOJDWC3TAMUWWC43DMVZF2MJQ',
        'dlk9a0a1-c936-45ee-9141-d73dfc0a3666@beratungcaritas.de', 'atFf3kAfdG23tf3kWf', 1,
        '2018-01-01 11:09:32', '2018-01-01 11:09:32', 0),
       ('arb9a0a1-c936-45ee-9141-d73dfc0a3111', 0, NULL, 'enc.ODDXEZTCOJDWC3T5MUWGC43DMAZF2MJQ',
        'arb9a0a1-c936-45ee-9141-d73dfc0a3111@beratungcaritas.de', 'atFf3kAfdG23tf3kWf', 1,
        '2018-01-01 11:09:32', '2018-01-01 11:09:32', 0),
       ('jurea0a1-c936-45ee-9141-d73dfc0a3000', 0, NULL, 'enc.ODDXEZDCOJDFC3T5AUWGC43DMAZF2MJQ',
        'jurea0a1-c936-45ee-9141-d73dfc0a3000@beratungcaritas.de', 'atFf3kAfdG23tf3kWf', 1,
        '2018-01-01 11:09:32', '2018-01-01 11:09:32', 0),
       ('opiti0a1-c936-45ee-9141-d73dfc0a3000', 0, NULL, 'enc.ODDAEZGDCHOJDAT5AUWGC43DMAZF2MJQ',
        'opiti0a1-c936-45ee-9141-d73dfc0a3000@beratungcaritas.de', 'atFf3kAfdG23tf3kWf', 1,
        '2018-01-01 11:09:32', '2018-01-01 11:09:32', 0);

INSERT INTO consultant (`consultant_id`, `username`, `first_name`, `last_name`, `email`,
                        `is_team_consultant`, `is_absent`, `absence_message`, `rc_user_id`,
                        `language_formal`, `id_old`, `delete_date`, `create_date`, `update_date`,
                        `walk_through_enabled`,`notifications_enabled`, `notifications_settings`)
VALUES
       ('0b3b1cc6-be98-4787-aa56-212259d811b9', 'enc.MVWWSZ3SMF2GS33OFV2GKYLN', 'Emiration',
        'Consultant', 'emigration@consultant.de', 1, 0, NULL, 'RMuMMjeaZh642fZa7', 1, 0, NULL,
        '2020-10-08 08:57:44', '2020-10-08 08:57:44', 1, 1, '{"initialEnquiryNotificationEnabled": "true","newChatMessageNotificationEnabled": "true", "reassignmentNotificationEnabled": "true","appointmentNotificationEnabled": "true"}'),
       ('1293c11a-1b3e-47b8-a16e-ce0a8f055689', 'enc.OBSXEZTPOJWWC3TDMU......', 'Performance',
        'Consultant', 'performance@consultant.de', 1, 0, NULL, '4nWTY9Tq56oz3BTHp', 1, 0, NULL,
        '2020-10-08 08:54:20', '2020-10-08 08:54:20', 1, 0, NULL),
       ('1332fe22-cf40-444c-9ef6-6df569e41612', 'enc.NNZGK5L2MJ2W4ZBS', 'Kreuzbund', 'Consultant 2',
        'kreuzbund2@consultant.de', 0, 0, NULL, 'xaaa2Y3JNXBed7i4u', 1, 0, NULL,
        '2020-10-08 08:54:22', '2020-10-08 08:54:22', 1, 0, NULL),
       ('147a152a-e33c-456a-8a05-7731f95520cf', 'enc.MNUGS3DEOJSW4LLEMVTGC5LMOQ......', 'Default',
        'Consultant', 'children@consultant.de', 0, 0, NULL, 'hyPtEKfCYoQ9wKQD9', 1, 0, NULL,
        '2020-10-08 08:54:17', '2020-10-08 08:54:17', 1, 0, NULL),
       ('18e00fbd-c207-4967-b44a-1a55ffd0b71a', 'enc.ONSW42LPOJUXI6JNORSWC3I.', 'Default',
        'Consultant', 'seniority-team@consultant.de', 1, 0, NULL, 'LnJocRydDEAKx4Lss', 1, 0, NULL,
        '2020-10-08 08:54:10', '2020-10-08 08:54:10', 1, 0, NULL),
       ('25cdfa46-6b91-4bea-bb48-ae69f6b6fbf4', 'enc.MRSWE5BNMRSWMYLVNR2A....', 'Default',
        'Consultant', 'debt@consultant.de', 0, 0, NULL, 'SSLvr4ZG5ATW84r2H', 1, 0, NULL,
        '2020-10-08 08:54:06', '2020-10-08 08:54:06', 1, 0, NULL),
       ('260061df-01c2-4c73-835d-9069a23ea671', 'enc.MNUGS3DEOJSW4LLUMVQW2...', 'Default',
        'Consultant', 'children-team@consultant.de', 1, 0, NULL, 'yNtjP3mNFoZ3zPhKm', 1, 0, NULL,
        '2020-10-08 08:54:18', '2020-10-08 08:54:18', 1, 0, NULL),
       ('2bbbdb50-94de-4d35-a0c4-a4e7450cf171', 'enc.OBZGKZ3OMFXGG6JNORSWC3I.', 'Default',
        'Consultant', 'pregnancy-team@consultant.de', 1, 0, NULL, '5ni2Puo4ijLZT8Cvf', 0, 0, NULL,
        '2020-10-08 08:54:03', '2020-10-08 08:54:03', 1, 0, NULL),
       ('330dd0a4-6728-453e-a6b7-3aa181cf0c72', 'enc.OBQXEZLOORUW4ZZNORSWC3I.', 'Default',
        'Consultant', 'parenting-team@consultant.de', 1, 0, NULL, 'B8sznptFFEdrZNawY', 1, 0, NULL,
        '2020-10-08 08:54:04', '2020-10-08 08:54:04', 1, 0, NULL),
       ('45816eb6-984b-411f-a818-996cd16e1f2a', 'enc.OUZDK4DFMVZA....', 'Peter', 'Peer',
        'pete.peer@consultant.de', 1, 0, NULL, 'RhwSJiKuadzTQXfwP', 0, 0, NULL,
        '2020-10-08 08:54:01', '2020-10-08 08:54:01', 1, 0, NULL),
       ('473f7c4b-f011-4fc2-847c-ceb636a5b399', 'enc.MFSGI2LDORUW63RNMRSWMYLVNR2A....', 'Default',
        'Consultant', 'addiction@consultant.de', 0, 0, NULL, 'CztX9SWF4SJPvgknZ', 1, 0, NULL,
        '2020-10-08 08:53:55', '2020-10-08 08:53:55', 1, 0, NULL),
       ('54e09b2d-e804-42ae-8693-dd66907bd6ed', 'enc.NNZGK5L2MJ2W4ZBR', 'Kreuzbund', 'Consultant 1',
        'kreuzbund1@consultant.de', 0, 0, NULL, 'ZYbj9Nsgrsu8WbijG', 1, 0, NULL,
        '2020-10-08 08:54:21', '2020-10-08 08:54:21', 1, 0, NULL),
       ('5674839f-d0a3-47e2-8f9c-bb49fc2ddbbe', 'enc.NV2WY5DJOBWGK...', 'Multiple', 'BS',
        'multiple@consultant.de', 1, 0, NULL, 'eTNtviLNaJnfHE7CZ', 1, 0, NULL,
        '2020-10-08 08:54:19', '2020-10-08 08:54:19', 1, 0, NULL),
       ('59664730-3b61-4b42-810c-d36d37a90386', 'enc.NRQXOLLEMVTGC5LMOQ......', 'Default',
        'Consultant', 'law@consultant.de', 0, 0, NULL, 'djhLjyLnXb68GKs8j', 1, 0, NULL,
        '2020-10-08 08:54:13', '2020-10-08 08:54:13', 1, 0, NULL),
       ('5e1b28d9-c94d-4d5a-907d-3907392c4414', 'enc.NRQXOLLUMVQW2...', 'Default', 'Consultant',
        'law-team@consultant.de', 1, 0, NULL, 'nnrm5CNYXwaM3uczG', 1, 0, NULL,
        '2020-10-08 08:54:14', '2020-10-08 08:54:14', 1, 0, NULL),
       ('5e4578c5-45c4-474a-9d70-7a6ef6b0c4f6', 'enc.ONXWG2LBNQWXIZLBNU......', 'Default',
        'Consultant', 'social-team@consultant.de', 1, 0, NULL, 'ASMzvHKGd5uPXcwkW', 1, 0, NULL,
        '2020-10-08 08:54:08', '2020-10-08 08:54:08', 1, 0, NULL),
       ('66794732-8751-4a06-a786-4849375e8999', 'enc.OJSWO2LPNZQWY...', 'Regional', 'Consultant',
        'regional@consultant.de', 0, 0, NULL, 'xibWsPGinJg6YDq56', 1, 0, NULL,
        '2020-10-08 08:57:45', '2020-10-08 08:57:45', 1, 0, NULL),
       ('6cc9c3d3-69a5-468c-82dd-9d9f6ecd4d13', 'enc.ONXWG2LBNQWWIZLGMF2WY5A.', 'Default',
        'Consultant', 'social@consultant.de', 0, 0, NULL, 'Tcd9Wx99uCAvexQsa', 1, 0, NULL,
        '2020-10-08 08:54:07', '2020-10-08 08:54:07', 1, 0, NULL),
       ('72efe24d-cf00-4889-a1e9-32a3855e001d', 'enc.MN2XEZJNMRSWMYLVNR2A....', 'Default',
        'Consultant', 'cure@consultant.de', 0, 0, NULL, '7MdaYmaEq9wZkirQt', 1, 0, NULL,
        '2020-10-08 08:54:05', '2020-10-08 08:54:05', 1, 0, NULL),
       ('75abe824-fb42-476d-a52a-66660113bdcc', 'enc.MFSGI2LDORUW63RNORSWC3I.', 'Default',
        'Consultant', 'addiction-team@consultant.de', 1, 0, NULL, 'g22deRw34KaoGcsYs', 1, 0, NULL,
        '2020-10-08 08:53:57', '2020-10-08 08:53:57', 1, 0, NULL),
       ('88613f5d-0d40-47e0-b323-e792e7fba3ed', 'enc.MFSGI2LDORUW63RNMRSWMYLVNR2DE...', 'Default2',
        'Consultant', 'addiction2@consultant.de', 0, 0, NULL, 'fNy88XqbEaBnSFfqQ', 1, 0, NULL,
        '2020-10-08 08:53:56', '2020-10-08 08:53:56', 1, 0, NULL),
       ('8d61e2f4-309f-4b8b-a261-a524694630e3', 'enc.MRUXGYLCNFWGS5DZFVSGKZTBOVWHI...', 'Default',
        'Consultant', 'disability@consultant.de', 0, 0, NULL, 'uoRALNLKgWNp3bmvN', 1, 0, NULL,
        '2020-10-08 08:54:10', '2020-10-08 08:54:10', 1, 0, NULL),
       ('91f5662c-dfb1-40b6-8248-ebaa9d56ae7d', 'enc.OBWGC3SCFVSGKZTBOVWHI...', 'Default',
        'Consultant', 'planB@consultant.de', 0, 0, NULL, 'uj6nwAbtPJa7qNx7n', 0, 0, NULL,
        '2020-10-08 08:54:12', '2020-10-08 08:54:12', 1, 0, NULL),
       ('92e07348-d5bd-455f-80a7-d97958d2c02e', 'enc.NVUWO4TBORUW63Q.', 'Miration', 'Consultant',
        'migration@consultant.de', 0, 0, NULL, 'kDXax9iYBzbA2MNkw', 1, 0, NULL,
        '2020-10-08 08:57:43', '2020-10-08 08:57:43', 1, 0, NULL),
       ('94c3e0b1-0677-4fd2-a7ea-56a71aefd0e8', 'enc.OBWGC3SCFV2GKYLN', 'Default', 'Consultant',
        'planB-team@consultant.de', 1, 0, NULL, 'C62RsyoYKoAS2Zeqo', 0, 0, NULL,
        '2020-10-08 08:54:13', '2020-10-08 08:54:13', 1, 0, NULL),
       ('9c2e8f93-25d0-418c-a7b2-a011443ef3ca', 'enc.OJSWQYLCNFWGS5DBORUW63RNORSWC3I.', 'Default',
        'Consultant', 'rehabilitation-team@consultant.de', 1, 0, NULL, 'NsZK2LykhtN7Kx94Q', 1, 0,
        NULL, '2020-10-08 08:54:16', '2020-10-08 08:54:16', 1, 0, NULL),
       ('9d81f1a9-977f-4b0c-9a0d-9f0d6c855eaf', 'enc.OUZDK3LBNFXDE...', 'Manfred', 'Main2',
        'manne.main2@consultant.de', 1, 0, NULL, 'WyEfcrFmjFAxWEM2g', 0, 0, NULL,
        '2020-10-08 08:54:00', '2020-10-08 08:54:00', 1, 0, NULL),
       ('a1e3038c-e865-4399-afc6-a94f9de6917a', 'enc.MRUXGYLCNFWGS5DZFV2GKYLN', 'Default',
        'Consultant', 'disability-team@consultant.de', 1, 0, NULL, 'sZeEz2AoQWjXJKyxE', 1, 0, NULL,
        '2020-10-08 08:54:11', '2020-10-08 08:54:11', 1, 0, NULL),
       ('ac364ebc-5eaf-4f33-92c5-1e86b8a960c4', 'enc.MRSWE5BNORSWC3I.', 'Default', 'Consultant',
        'debt-team@consultant.de', 1, 0, NULL, 'JJ9yC5gSBRhyXhjDZ', 1, 0, NULL,
        '2020-10-08 08:54:07', '2020-10-08 08:54:07', 1, 0, NULL),
       ('bad14912-cf9f-4c16-9d0e-fe8ede9b60dc', 'enc.OUZDK3LBNFXA....', 'Manfred', 'Main',
        'manne.main@consultant.de', 1, 0, NULL, 'j8imxJzgjxo7yjKuN', 0, 0, NULL,
        '2020-10-08 08:53:59', '2020-10-08 08:53:59', 1, 0, NULL),
       ('d67af4e4-0914-42ce-8c4c-b063e1ad78e6', 'enc.OBQXEZLOORUW4ZZNMRSWMYLVNR2A....', 'Default',
        'Consultant', 'parenting@consultant.de', 0, 0, NULL, 'oEMAnSdJgo2TGzmMr', 1, 0, NULL,
        '2020-10-08 08:54:03', '2020-10-08 08:54:03', 1, 0, NULL),
       ('d6942312-752a-4c2f-8550-dcef7ae0f14a', 'enc.N5TGMZLOMRSXELLEMVTGC5LMOQ......', 'Default',
        'Consultant', 'offender@consultant.de', 0, 0, NULL, '7oPn987ZhQLvhauKn', 1, 0, NULL,
        '2020-10-08 08:54:15', '2020-10-08 08:54:15', 1, 0, NULL),
       ('e1fc5245-8497-4315-b610-667917cf3442', 'enc.NBXXG4DJMNSQ....', 'Hospice', 'Consultant',
        'hospice@consultant.de', 0, 0, NULL, 'RJufqeWXcHnzpH4ps', 1, 0, NULL, '2020-10-08 08:57:44',
        '2020-10-08 08:57:44', 1, 0, NULL),
       ('e2f20d3a-1ca7-4cb5-9fac-8e26033416b3', 'enc.MFSGI2LDORUW63RNORSWC3JS', 'Default2',
        'Consultant', 'addiction-team2@consultant.de', 1, 0, NULL, 'otc9ZHMsSkEqqfBMc', 1, 0, NULL,
        '2020-10-08 08:53:58', '2020-10-08 08:53:58', 1, 0, NULL),
       ('f0327f55-a844-41b7-a72c-2716b259a41d', 'enc.OBZGKZ3OMFXGG6JNMRSWMYLVNR2A....', 'Default',
        'Consultant', 'pregnancy@consultant.de', 0, 0, NULL, '9sS74MZdCS5Prq2CR', 0, 0, NULL,
        '2020-10-08 08:54:02', '2020-10-08 08:54:02', 1, 0, NULL),
       ('fb700f55-ba23-4e81-95c1-f7abbb236b95', 'enc.MFUWI4ZNMRSWMYLVNR2A....', 'Default',
        'Consultant', 'aids@consultant.de', 0, 0, NULL, '96X6xZx5pyoAriZnq', 1, 0, NULL,
        '2020-10-08 08:54:15', '2020-10-08 08:54:15', 1, 0, NULL),
       ('fb77d849-470f-4cec-89ca-6aa673bacb88', 'enc.ONSW42LPOJUXI6JNMRSWMYLVNR2A....', 'Default',
        'Consultant', 'seniority@consultant.de', 0, 0, NULL, 'pbb8Fw2juns6FFTks', 1, 0, NULL,
        '2020-10-08 08:54:09', '2020-10-08 08:54:09', 1, 0, NULL),
       ('34c3x5b1-0677-4fd2-a7ea-56a71aefd099', 'enc.AAAW42LPOJUXI6JNMRTFMYLVNR2A....', 'Default',
        'Consultant', 'new@consultant.de', 0, 0, NULL, 'aaa8Fw2juns6FFTks', 1, 0, NULL,
        '2020-10-08 08:54:09', '2020-10-08 08:54:09', 1, 0, NULL),
       ('42c3x532-0677-4fd2-a7ea-56a71aefd088', 'enc.AAAW42LPOJUXI6JNMRTFMYLVDSSA....', 'Default',
        'Consultant', 'nosessions@consultant.de', 0, 0, NULL, 'xyz8Fw2juns6FFTks', 1, 0, NULL,
        '2020-10-08 08:54:09', '2020-10-08 08:54:09', 1, 0, NULL);
;
INSERT INTO consultant_agency (`id`, `consultant_id`, `agency_id`, `create_date`, `update_date`)
VALUES (0, '473f7c4b-f011-4fc2-847c-ceb636a5b399', 1, '2020-10-08 08:53:55', '2020-10-08 08:53:55'),
       (1, '88613f5d-0d40-47e0-b323-e792e7fba3ed', 1, '2020-10-08 08:53:56', '2020-10-08 08:53:56'),
       (2, '75abe824-fb42-476d-a52a-66660113bdcc', 0, '2020-10-08 08:53:57', '2020-10-08 08:53:57'),
       (3, 'e2f20d3a-1ca7-4cb5-9fac-8e26033416b3', 0, '2020-10-08 08:53:58', '2020-10-08 08:53:58'),
       (4, 'bad14912-cf9f-4c16-9d0e-fe8ede9b60dc', 121, '2020-10-08 08:53:59',
        '2020-10-08 08:53:59'),
       (5, 'bad14912-cf9f-4c16-9d0e-fe8ede9b60dc', 110, '2020-10-08 08:53:59',
        '2020-10-08 08:53:59'),
       (6, '9d81f1a9-977f-4b0c-9a0d-9f0d6c855eaf', 121, '2020-10-08 08:54:00',
        '2020-10-08 08:54:00'),
       (7, '9d81f1a9-977f-4b0c-9a0d-9f0d6c855eaf', 110, '2020-10-08 08:54:00',
        '2020-10-08 08:54:00'),
       (8, '45816eb6-984b-411f-a818-996cd16e1f2a', 121, '2020-10-08 08:54:01',
        '2020-10-08 08:54:01'),
       (9, '45816eb6-984b-411f-a818-996cd16e1f2a', 110, '2020-10-08 08:54:01',
        '2020-10-08 08:54:01'),
       (10, 'f0327f55-a844-41b7-a72c-2716b259a41d', 777, '2020-10-08 08:54:02',
        '2020-10-08 08:54:02'),
       (11, '2bbbdb50-94de-4d35-a0c4-a4e7450cf171', 785, '2020-10-08 08:54:03',
        '2020-10-08 08:54:03'),
       (12, 'd67af4e4-0914-42ce-8c4c-b063e1ad78e6', 310, '2020-10-08 08:54:03',
        '2020-10-08 08:54:03'),
       (13, '330dd0a4-6728-453e-a6b7-3aa181cf0c72', 469, '2020-10-08 08:54:04',
        '2020-10-08 08:54:04'),
       (14, '72efe24d-cf00-4889-a1e9-32a3855e001d', 915, '2020-10-08 08:54:05',
        '2020-10-08 08:54:05'),
       (15, '25cdfa46-6b91-4bea-bb48-ae69f6b6fbf4', 719, '2020-10-08 08:54:06',
        '2020-10-08 08:54:06'),
       (16, 'ac364ebc-5eaf-4f33-92c5-1e86b8a960c4', 743, '2020-10-08 08:54:07',
        '2020-10-08 08:54:07'),
       (17, '6cc9c3d3-69a5-468c-82dd-9d9f6ecd4d13', 202, '2020-10-08 08:54:07',
        '2020-10-08 08:54:07'),
       (18, '5e4578c5-45c4-474a-9d70-7a6ef6b0c4f6', 201, '2020-10-08 08:54:08',
        '2020-10-08 08:54:08'),
       (19, 'fb77d849-470f-4cec-89ca-6aa673bacb88', 1081, '2020-10-08 08:54:09',
        '2020-10-08 08:54:09'),
       (20, '18e00fbd-c207-4967-b44a-1a55ffd0b71a', 1087, '2020-10-08 08:54:10',
        '2020-10-08 08:54:10'),
       (21, '8d61e2f4-309f-4b8b-a261-a524694630e3', 258, '2020-10-08 08:54:10',
        '2020-10-08 08:54:10'),
       (22, 'a1e3038c-e865-4399-afc6-a94f9de6917a', 277, '2020-10-08 08:54:11',
        '2020-10-08 08:54:11'),
       (23, '91f5662c-dfb1-40b6-8248-ebaa9d56ae7d', 647, '2020-10-08 08:54:12',
        '2020-10-08 08:54:12'),
       (24, '94c3e0b1-0677-4fd2-a7ea-56a71aefd0e8', 639, '2020-10-08 08:54:13',
        '2020-10-08 08:54:13'),
       (25, '59664730-3b61-4b42-810c-d36d37a90386', 662, '2020-10-08 08:54:13',
        '2020-10-08 08:54:13'),
       (26, '5e1b28d9-c94d-4d5a-907d-3907392c4414', 665, '2020-10-08 08:54:14',
        '2020-10-08 08:54:14'),
       (27, 'd6942312-752a-4c2f-8550-dcef7ae0f14a', 257, '2020-10-08 08:54:15',
        '2020-10-08 08:54:15'),
       (28, 'fb700f55-ba23-4e81-95c1-f7abbb236b95', 200, '2020-10-08 08:54:16',
        '2020-10-08 08:54:16'),
       (29, '9c2e8f93-25d0-418c-a7b2-a011443ef3ca', 638, '2020-10-08 08:54:16',
        '2020-10-08 08:54:16'),
       (30, '147a152a-e33c-456a-8a05-7731f95520cf', 474, '2020-10-08 08:54:17',
        '2020-10-08 08:54:17'),
       (31, '260061df-01c2-4c73-835d-9069a23ea671', 634, '2020-10-08 08:54:18',
        '2020-10-08 08:54:18'),
       (32, '5674839f-d0a3-47e2-8f9c-bb49fc2ddbbe', 0, '2020-10-08 08:54:19',
        '2020-10-08 08:54:19'),
       (33, '5674839f-d0a3-47e2-8f9c-bb49fc2ddbbe', 1, '2020-10-08 08:54:19',
        '2020-10-08 08:54:19'),
       (34, '5674839f-d0a3-47e2-8f9c-bb49fc2ddbbe', 257, '2020-10-08 08:54:19',
        '2020-10-08 08:54:19'),
       (35, '5674839f-d0a3-47e2-8f9c-bb49fc2ddbbe', 258, '2020-10-08 08:54:19',
        '2020-10-08 08:54:19'),
       (36, '5674839f-d0a3-47e2-8f9c-bb49fc2ddbbe', 743, '2020-10-08 08:54:19',
        '2020-10-08 08:54:19'),
       (37, '5674839f-d0a3-47e2-8f9c-bb49fc2ddbbe', 647, '2020-10-08 08:54:19',
        '2020-10-08 08:54:19'),
       (38, '5674839f-d0a3-47e2-8f9c-bb49fc2ddbbe', 200, '2020-10-08 08:54:19',
        '2020-10-08 08:54:19'),
       (39, '5674839f-d0a3-47e2-8f9c-bb49fc2ddbbe', 777, '2020-10-08 08:54:19',
        '2020-10-08 08:54:19'),
       (40, '5674839f-d0a3-47e2-8f9c-bb49fc2ddbbe', 201, '2020-10-08 08:54:19',
        '2020-10-08 08:54:19'),
       (41, '5674839f-d0a3-47e2-8f9c-bb49fc2ddbbe', 202, '2020-10-08 08:54:19',
        '2020-10-08 08:54:19'),
       (42, '5674839f-d0a3-47e2-8f9c-bb49fc2ddbbe', 719, '2020-10-08 08:54:19',
        '2020-10-08 08:54:19'),
       (43, '5674839f-d0a3-47e2-8f9c-bb49fc2ddbbe', 785, '2020-10-08 08:54:19',
        '2020-10-08 08:54:19'),
       (44, '5674839f-d0a3-47e2-8f9c-bb49fc2ddbbe', 915, '2020-10-08 08:54:19',
        '2020-10-08 08:54:19'),
       (45, '5674839f-d0a3-47e2-8f9c-bb49fc2ddbbe', 469, '2020-10-08 08:54:19',
        '2020-10-08 08:54:19'),
       (46, '5674839f-d0a3-47e2-8f9c-bb49fc2ddbbe', 277, '2020-10-08 08:54:19',
        '2020-10-08 08:54:19'),
       (47, '5674839f-d0a3-47e2-8f9c-bb49fc2ddbbe', 310, '2020-10-08 08:54:19',
        '2020-10-08 08:54:19'),
       (48, '5674839f-d0a3-47e2-8f9c-bb49fc2ddbbe', 662, '2020-10-08 08:54:19',
        '2020-10-08 08:54:19'),
       (49, '5674839f-d0a3-47e2-8f9c-bb49fc2ddbbe', 1081, '2020-10-08 08:54:19',
        '2020-10-08 08:54:19'),
       (50, '5674839f-d0a3-47e2-8f9c-bb49fc2ddbbe', 665, '2020-10-08 08:54:19',
        '2020-10-08 08:54:19'),
       (51, '5674839f-d0a3-47e2-8f9c-bb49fc2ddbbe', 474, '2020-10-08 08:54:19',
        '2020-10-08 08:54:19'),
       (52, '5674839f-d0a3-47e2-8f9c-bb49fc2ddbbe', 634, '2020-10-08 08:54:19',
        '2020-10-08 08:54:19'),
       (53, '5674839f-d0a3-47e2-8f9c-bb49fc2ddbbe', 638, '2020-10-08 08:54:19',
        '2020-10-08 08:54:19'),
       (54, '5674839f-d0a3-47e2-8f9c-bb49fc2ddbbe', 1087, '2020-10-08 08:54:19',
        '2020-10-08 08:54:19'),
       (55, '5674839f-d0a3-47e2-8f9c-bb49fc2ddbbe', 639, '2020-10-08 08:54:19',
        '2020-10-08 08:54:19'),
       (56, '1293c11a-1b3e-47b8-a16e-ce0a8f055689', 22, '2020-10-08 08:54:20',
        '2020-10-08 08:54:20'),
       (57, '54e09b2d-e804-42ae-8693-dd66907bd6ed', 1125, '2020-10-08 08:54:21',
        '2020-10-08 08:54:21'),
       (58, '1332fe22-cf40-444c-9ef6-6df569e41612', 1125, '2020-10-08 08:54:22',
        '2020-10-08 08:54:22'),
       (59, '92e07348-d5bd-455f-80a7-d97958d2c02e', 1730, '2020-10-08 08:57:43',
        '2020-10-08 08:57:43'),
       (60, '0b3b1cc6-be98-4787-aa56-212259d811b9', 1731, '2020-10-08 08:57:44',
        '2020-10-08 08:57:44'),
       (61, 'e1fc5245-8497-4315-b610-667917cf3442', 1732, '2020-10-08 08:57:45',
        '2020-10-08 08:57:45'),
       (62, '66794732-8751-4a06-a786-4849375e8999', 1733, '2020-10-08 08:57:45',
        '2020-10-08 08:57:45'),
       (63, '0b3b1cc6-be98-4787-aa56-212259d811b9', 1, '2020-10-08 08:57:44',
        '2020-10-08 08:57:44');
INSERT INTO session (`id`, `user_id`, `consultant_id`, `consulting_type`, `message_date`,
                     `postcode`, `agency_id`, `rc_group_id`, `rc_feedback_group_id`, `status`,
                     `is_team_session`, `create_date`, `update_date`)
VALUES (1, '1da238c6-cd46-4162-80f1-bff74eafe77f', '473f7c4b-f011-4fc2-847c-ceb636a5b399', 0,
        '2020-10-08 09:03:45', '12345', 1, '4WKq3kj9C7WESSQuK', 'E6FohkNfEDPY9bRXc', 2, 0,
        '2020-10-08 09:03:45', '2020-10-08 09:03:45'),
       (2, '236b97bf-6cd7-434a-83f3-0a0b129dd45a', '75abe824-fb42-476d-a52a-66660113bdcc', 0,
        '2020-10-08 09:03:48', '12345', 0, 'DJrRTzFg8Ac2BqE8j', NULL, 2, 1,
        '2020-10-08 09:03:47', '2020-10-08 09:03:48'),
       (3, 'a38983e3-43f7-49ac-ab61-18161fd45b69', 'bad14912-cf9f-4c16-9d0e-fe8ede9b60dc', 1,
        '2020-10-08 09:03:50', '12345', 121, 'z73epJCrora8rxEDz', 'E6FohkNfEDPY9bRXc', 2, 1,
        '2020-10-08 09:03:49', '2020-10-28 13:35:44'),
       (4, '8b7312d6-910f-4d35-9d35-a9b09c9fde3a', 'f0327f55-a844-41b7-a72c-2716b259a41d', 2,
        '2020-10-08 09:03:51', '12345', 777, '6xvezDF22CZ8xakWJ', NULL, 2, 0,
        '2020-10-08 09:03:51', '2020-10-08 09:03:51'),
       (5, 'd27afce4-b88f-4323-b968-e455914f8d7b', '2bbbdb50-94de-4d35-a0c4-a4e7450cf171', 2,
        '2020-10-08 09:03:53', '12345', 785, '3Qf7Ekprr35Fftw7C', NULL, 2, 1,
        '2020-10-08 09:03:52', '2020-10-08 09:03:53'),
       (6, 'c68cb3db-4081-4e3e-bf50-a001fbc957e5', 'd67af4e4-0914-42ce-8c4c-b063e1ad78e6', 3,
        '2020-10-08 09:03:54', '12345', 310, 'shtDm5Pi75SRcKizb', NULL, 2, 0,
        '2020-10-08 09:03:54', '2020-10-08 09:03:54'),
       (7, 'bc97a2c0-2811-462e-aa92-c9f61415ee2e', '330dd0a4-6728-453e-a6b7-3aa181cf0c72', 3,
        '2020-10-08 09:03:55', '12345', 469, '5dRMb5wdLAaXZj4r2', NULL, 2, 1,
        '2020-10-08 09:03:55', '2020-10-08 09:03:55'),
       (8, '28cfd242-e4b2-411f-9a3d-3b1a9559d5be', '72efe24d-cf00-4889-a1e9-32a3855e001d', 4,
        '2020-10-08 09:03:57', '12345', 915, 'FhARsZ4G4ryu6ShER', NULL, 2, 0,
        '2020-10-08 09:03:56', '2020-10-08 09:03:57'),
       (9, '8352ab20-e76e-4114-915f-6b18cdcd6002', '25cdfa46-6b91-4bea-bb48-ae69f6b6fbf4', 5,
        '2020-10-08 09:03:58', '12345', 719, 'dRt4kxy2FjE6ckge6', NULL, 2, 0,
        '2020-10-08 09:03:57', '2020-10-08 09:03:58'),
       (10, 'bb9a4c21-9398-407a-b94d-743fdbea7e63', 'ac364ebc-5eaf-4f33-92c5-1e86b8a960c4', 5,
        '2020-10-08 09:04:00', '12345', 743, 'NwpGcuhgSR5mN3oka', NULL, 2, 1,
        '2020-10-08 09:03:59', '2020-10-08 09:04:00'),
       (11, '8fb09067-a489-4a79-b342-d726c2a80d2b', '6cc9c3d3-69a5-468c-82dd-9d9f6ecd4d13', 6,
        '2020-10-08 09:04:01', '12345', 202, 'ZRLsW5R6j3W2eZxnq', NULL, 2, 0,
        '2020-10-08 09:04:01', '2020-10-08 09:04:01'),
       (12, 'a63c4509-37e8-4851-b6dc-bcaa04ecf907', '5e4578c5-45c4-474a-9d70-7a6ef6b0c4f6', 6,
        '2020-10-08 09:04:02', '12345', 201, 'T4onLhkJu7Bi2j7Hx', NULL, 2, 1,
        '2020-10-08 09:04:02', '2020-10-08 09:04:02'),
       (13, 'd0719b49-cc7e-4755-9052-a758fe8c8d85', 'fb77d849-470f-4cec-89ca-6aa673bacb88', 7,
        '2020-10-08 09:04:04', '12345', 1081, 'QBv2xym9qQ2DoAxkR', NULL, 2, 0,
        '2020-10-08 09:04:04', '2020-10-08 09:04:04'),
       (14, '15acc30f-e7a8-4ea6-921e-0e2d3a17d546', '18e00fbd-c207-4967-b44a-1a55ffd0b71a', 7,
        '2020-10-08 09:04:05', '12345', 1087, 'BTctoaurFTFegQdD2', NULL, 2, 1,
        '2020-10-08 09:04:05', '2020-10-08 09:04:05'),
       (15, '549c7519-7dab-4e61-b3b0-7ae0475090ab', '8d61e2f4-309f-4b8b-a261-a524694630e3', 8,
        '2020-10-08 09:04:07', '12345', 258, 'hcjBdWBKBsd54v4dK', NULL, 2, 0,
        '2020-10-08 09:04:06', '2020-10-08 09:04:07'),
       (16, 'bf55e8c3-985a-483f-b079-1e468f451082', 'a1e3038c-e865-4399-afc6-a94f9de6917a', 8,
        '2020-10-08 09:04:08', '12345', 277, 'eSPRTfwH9daRTBDYs', NULL, 2, 1,
        '2020-10-08 09:04:08', '2020-10-08 09:04:08'),
       (17, 'c1c229fd-bf08-451a-93f7-e047aaac34ae', '59664730-3b61-4b42-810c-d36d37a90386', 10,
        '2020-10-08 09:04:09', '12345', 662, 'qCAbsSGvjvoo8CE7q', NULL, 2, 0,
        '2020-10-08 09:04:09', '2020-10-08 09:04:09'),
       (18, 'e99de411-c473-4103-aa00-2dbfab6d18b6', '5e1b28d9-c94d-4d5a-907d-3907392c4414', 10,
        '2020-10-08 09:04:11', '12345', 665, 'tszSRkYmyEMxQN4jY', NULL, 2, 1,
        '2020-10-08 09:04:10', '2020-10-08 09:04:11'),
       (19, 'f7e7570a-3532-4c2d-a457-7b8834ea7977', '91f5662c-dfb1-40b6-8248-ebaa9d56ae7d', 9,
        '2020-10-08 09:04:12', '12345', 647, 'uxf46jsEeeuLSepqf', NULL, 2, 0,
        '2020-10-08 09:04:11', '2020-10-08 09:04:12'),
       (20, 'ca5e3d47-b06a-4584-9508-a9c77557152c', '94c3e0b1-0677-4fd2-a7ea-56a71aefd0e8', 9,
        '2020-10-08 09:04:13', '12345', 639, 'oJ8qeKaxumNSLQQiq', NULL, 2, 1,
        '2020-10-08 09:04:13', '2020-10-08 09:04:13'),
       (21, '7cf1adae-1b74-42d7-ba7f-25ae4a65c9d4', 'd6942312-752a-4c2f-8550-dcef7ae0f14a', 11,
        '2020-10-08 09:04:14', '12345', 257, 'q8jRKHsnpYDrAYfYw', NULL, 2, 0,
        '2020-10-08 09:04:14', '2020-10-08 09:04:14'),
       (22, '729c7fe2-d08a-409f-bbfd-2991e7171c26', 'fb700f55-ba23-4e81-95c1-f7abbb236b95', 12,
        '2020-10-08 09:04:16', '12345', 200, '8BteohEsuuX7xLqwd', NULL, 2, 0,
        '2020-10-08 09:04:15', '2020-10-08 09:04:16'),
       (23, '34a893e1-a088-4f74-a6cc-f82eafea767e', '9c2e8f93-25d0-418c-a7b2-a011443ef3ca', 13,
        '2020-10-08 09:04:17', '12345', 638, 'EjXztL9zNEXQcbiyF', NULL, 2, 1,
        '2020-10-08 09:04:17', '2020-10-08 09:04:17'),
       (24, 'e179d5b6-c46e-4600-90a3-ae5c71455750', '147a152a-e33c-456a-8a05-7731f95520cf', 14,
        '2020-10-08 09:04:18', '12345', 474, 'hA672qxrRf9eXwfyg', NULL, 2, 0,
        '2020-10-08 09:04:18', '2020-10-08 09:04:18'),
       (25, '6977c783-4b6d-415f-a885-4a0741f66498', '260061df-01c2-4c73-835d-9069a23ea671', 14,
        '2020-10-08 09:04:19', '12345', 634, '9csNYtKdNmPXBi45J', NULL, 2, 1,
        '2020-10-08 09:04:19', '2020-10-08 09:04:19'),
       (26, 'e6df2553-db22-451e-b66b-9fe434803132', '1293c11a-1b3e-47b8-a16e-ce0a8f055689', 0,
        '2020-10-08 09:04:20', '12345', 22, 'PPGcPLbJq73qvyAkp', NULL, 2, 1,
        '2020-10-08 09:04:20', '2020-10-08 09:04:20'),
       (27, 'a46f4d54-b9c6-427e-8b8c-b1687da833c4', '1293c11a-1b3e-47b8-a16e-ce0a8f055689', 0,
        '2020-10-08 09:04:22', '12345', 22, 'u3EDwNzcduy354pEa', NULL, 2, 1,
        '2020-10-08 09:04:21', '2020-10-08 09:04:22'),
       (28, '4f39a7d3-8360-4bd4-8808-89986fd3e0f1', '1293c11a-1b3e-47b8-a16e-ce0a8f055689', 0,
        '2020-10-08 09:04:23', '12345', 22, 'FdsrLcLR2XZ6GB8LF', NULL, 2, 1,
        '2020-10-08 09:04:23', '2020-10-08 09:04:23'),
       (29, '149c8359-84e9-4ffe-b8c7-ac5bdba43d38', '1293c11a-1b3e-47b8-a16e-ce0a8f055689', 0,
        '2020-10-08 09:04:24', '12345', 22, 'eoHPajr8Sxz6kC4Mg', NULL, 2, 1,
        '2020-10-08 09:04:24', '2020-10-08 09:04:24'),
       (30, '487c4c7d-3021-427f-8969-cc360069ea24', '1293c11a-1b3e-47b8-a16e-ce0a8f055689', 0,
        '2020-10-08 09:04:25', '12345', 22, 's9ESvoGR8wC88dWZH', NULL, 2, 1,
        '2020-10-08 09:04:25', '2020-10-08 09:04:25'),
       (31, 'b80701f9-edd4-4231-9b5e-d18eff99f139', '1293c11a-1b3e-47b8-a16e-ce0a8f055689', 0,
        '2020-10-08 09:04:27', '12345', 22, 'P4jpP9zFkK35qx6ZE', NULL, 2, 1,
        '2020-10-08 09:04:27', '2020-10-08 09:04:27'),
       (32, '08fbf86d-182c-4bbc-9646-d3707292aeee', '1293c11a-1b3e-47b8-a16e-ce0a8f055689', 0,
        '2020-10-08 09:04:28', '12345', 22, 'CvpmZSTDnqzYwijHB', NULL, 2, 1,
        '2020-10-08 09:04:28', '2020-10-08 09:04:28'),
       (33, 'b4059586-22d1-4d45-aa45-454db959fa50', '1293c11a-1b3e-47b8-a16e-ce0a8f055689', 0,
        '2020-10-08 09:04:29', '12345', 22, 'LoMazYaeXjEfMoSbW', NULL, 2, 1,
        '2020-10-08 09:04:29', '2020-10-08 09:04:29'),
       (34, '5ab6ef5d-b0b2-4a8d-96c8-1a9ffa3317c9', '1293c11a-1b3e-47b8-a16e-ce0a8f055689', 0,
        '2020-10-08 09:04:31', '12345', 22, 'BkFpKQBboryTGE4Gp', NULL, 2, 1,
        '2020-10-08 09:04:30', '2020-10-08 09:04:31'),
       (35, 'fda9a0a1-c936-45ee-9141-d73dfc0a3348', '1293c11a-1b3e-47b8-a16e-ce0a8f055689', 0,
        '2020-10-08 09:04:32', '12345', 22, '65TJ2yLBQZ6qXwrfw', NULL, 2, 1,
        '2020-10-08 09:04:32', '2020-10-08 09:04:32'),
       (36, '2b0b48f9-5ed3-47de-9c85-10ca698c83cf', '1293c11a-1b3e-47b8-a16e-ce0a8f055689', 0,
        '2020-10-08 09:04:33', '12345', 22, '3v8gRXAniiSy94dWx', NULL, 2, 1,
        '2020-10-08 09:04:33', '2020-10-08 09:04:33'),
       (37, '47800d19-7974-41b8-ac32-fde0069b2e81', '1293c11a-1b3e-47b8-a16e-ce0a8f055689', 0,
        '2020-10-08 09:04:34', '12345', 22, 'jvuAK4PL45kKJLXsc', NULL, 2, 1,
        '2020-10-08 09:04:34', '2020-10-08 09:04:34'),
       (38, '373b5993-69e6-4e77-8a9f-9fbdeac5f7f1', '1293c11a-1b3e-47b8-a16e-ce0a8f055689', 0,
        '2020-10-08 09:04:35', '12345', 22, 'GYgczWy7d6KsT7SKT', NULL, 2, 1,
        '2020-10-08 09:04:35', '2020-10-08 09:04:35'),
       (39, '655a0dd9-c372-4eb7-91db-ff7ade89c1a0', '1293c11a-1b3e-47b8-a16e-ce0a8f055689', 0,
        '2020-10-08 09:04:37', '12345', 22, 'tMPTCn7idau4TDCEt', NULL, 2, 1,
        '2020-10-08 09:04:36', '2020-10-08 09:04:37'),
       (40, '0cc66af0-1ccc-4b1f-a1b6-be0c993a764d', '1293c11a-1b3e-47b8-a16e-ce0a8f055689', 0,
        '2020-10-08 09:04:38', '12345', 22, 'rvhrgk9tnp7FiECCh', NULL, 2, 1,
        '2020-10-08 09:04:37', '2020-10-08 09:04:38'),
       (41, '89166257-d326-4bc7-bfd9-aee1fb2ac37b', '1293c11a-1b3e-47b8-a16e-ce0a8f055689', 0,
        '2020-10-08 09:04:39', '12345', 22, 'YYH5KxPKquxgEYdct', NULL, 2, 1,
        '2020-10-08 09:04:39', '2020-10-08 09:04:39'),
       (42, 'd340dd99-62af-4831-9676-882f7cf2b392', '1293c11a-1b3e-47b8-a16e-ce0a8f055689', 0,
        '2020-10-08 09:04:40', '12345', 22, 'ZnRTAfCZbE65xc54X', NULL, 2, 1,
        '2020-10-08 09:04:40', '2020-10-08 09:04:40'),
       (43, 'fa805afe-7439-4ae6-929c-b7e8334b1ec3', '1293c11a-1b3e-47b8-a16e-ce0a8f055689', 0,
        '2020-10-08 09:04:41', '12345', 22, 'KYTbkKJyZMa593WMe', NULL, 2, 1,
        '2020-10-08 09:04:41', '2020-10-08 09:04:41'),
       (44, '72d64de8-f656-4a88-b9f4-c708a452660f', '1293c11a-1b3e-47b8-a16e-ce0a8f055689', 0,
        '2020-10-08 09:04:43', '12345', 22, 'vuiXbEBeHdLJa9RfA', NULL, 2, 1,
        '2020-10-08 09:04:42', '2020-10-08 09:04:43'),
       (45, 'a1632507-6697-4cbc-bde5-e714c015b19c', '1293c11a-1b3e-47b8-a16e-ce0a8f055689', 0,
        '2020-10-08 09:04:44', '12345', 22, 'X6oSFTP4TZjgEg2Ws', NULL, 2, 1,
        '2020-10-08 09:04:44', '2020-10-08 09:04:44'),
       (46, 'fc19d6a9-f9ba-40c7-bfae-2883b6d56a3a', '1293c11a-1b3e-47b8-a16e-ce0a8f055689', 0,
        '2020-10-08 09:04:45', '12345', 22, 'qj3Kq9NfMYZ7K4Kyn', NULL, 2, 1,
        '2020-10-08 09:04:45', '2020-10-08 09:04:45'),
       (47, '3fe6ebad-60dc-42dc-a1e1-319822b3e712', '1293c11a-1b3e-47b8-a16e-ce0a8f055689', 0,
        '2020-10-08 09:04:46', '12345', 22, 'g5PKzmPwAfhdk2o7b', NULL, 2, 1,
        '2020-10-08 09:04:46', '2020-10-08 09:04:46'),
       (48, 'be1824ea-c686-4af1-873d-c26cbc715689', '1293c11a-1b3e-47b8-a16e-ce0a8f055689', 0,
        '2020-10-08 09:04:47', '12345', 22, 'mu4HGGRYyYtYwBB95', NULL, 2, 1,
        '2020-10-08 09:04:47', '2020-10-08 09:04:47'),
       (49, '47fd4752-7abf-4205-be29-119978588cc3', '1293c11a-1b3e-47b8-a16e-ce0a8f055689', 0,
        '2020-10-08 09:04:49', '12345', 22, 'dD9M7h9jYKyhyh9Fv', NULL, 2, 1,
        '2020-10-08 09:04:48', '2020-10-08 09:04:49'),
       (50, 'e8f9cabb-29bf-4b98-bf8f-efbe7cfd1c5c', '1293c11a-1b3e-47b8-a16e-ce0a8f055689', 0,
        '2020-10-08 09:04:50', '12345', 22, 'phh3rWWuJkdha3HWN', NULL, 2, 1,
        '2020-10-08 09:04:49', '2020-10-08 09:04:50'),
       (51, '1e2af8ce-8605-4b8d-8e56-347edc36682c', '1293c11a-1b3e-47b8-a16e-ce0a8f055689', 0,
        '2020-10-08 09:04:51', '12345', 22, 'yFgsthdFZbTbjd9yF', NULL, 2, 1,
        '2020-10-08 09:04:51', '2020-10-08 09:04:51'),
       (52, '739fa1e1-9ee5-4710-8167-a12057e9f627', '1293c11a-1b3e-47b8-a16e-ce0a8f055689', 0,
        '2020-10-08 09:04:53', '12345', 22, 'yEXszn6LP83QnBLZp', NULL, 2, 1,
        '2020-10-08 09:04:53', '2020-10-08 09:04:53'),
       (53, '41dafd8f-bea5-45ec-b77b-512a6da2e274', '1293c11a-1b3e-47b8-a16e-ce0a8f055689', 0,
        '2020-10-08 09:04:54', '12345', 22, 'tQrFT5eitt9AKTK7J', NULL, 2, 1,
        '2020-10-08 09:04:54', '2020-10-08 09:04:54'),
       (54, '98367c80-b430-44de-9db4-ad60a146e169', '1293c11a-1b3e-47b8-a16e-ce0a8f055689', 0,
        '2020-10-08 09:04:56', '12345', 22, 's24f6xKAAy6H2Kd7R', NULL, 2, 1,
        '2020-10-08 09:04:55', '2020-10-08 09:04:56'),
       (55, 'd5b81259-bea7-455a-b112-b53706cbf38f', '1293c11a-1b3e-47b8-a16e-ce0a8f055689', 0,
        '2020-10-08 09:04:57', '12345', 22, 'Y5a8LRpN2y44TjeA8', NULL, 2, 1,
        '2020-10-08 09:04:56', '2020-10-08 09:04:57'),
       (56, '2d6ad34c-86af-49b5-be9a-c89b99e30b92', '1293c11a-1b3e-47b8-a16e-ce0a8f055689', 0,
        '2020-10-08 09:04:58', '12345', 22, '4drambM3xsLN2Kgvz', NULL, 2, 1,
        '2020-10-08 09:04:58', '2020-10-08 09:04:58'),
       (57, 'c71d361b-59d5-42c6-99b2-aa99070d0fa0', '1293c11a-1b3e-47b8-a16e-ce0a8f055689', 0,
        '2020-10-08 09:04:59', '12345', 22, 'xWcfLE9B7rZ6rTQ9e', NULL, 2, 1,
        '2020-10-08 09:04:59', '2020-10-08 09:04:59'),
       (58, 'd716bdb7-3dd8-4b01-9f9b-7b7b214c8a71', '1293c11a-1b3e-47b8-a16e-ce0a8f055689', 0,
        '2020-10-08 09:05:00', '12345', 22, 'Jx8b8Lri7w6Cc7B49', NULL, 2, 1,
        '2020-10-08 09:05:00', '2020-10-08 09:05:00'),
       (59, 'de94d670-4ce0-4f42-8465-65416002d67b', '1293c11a-1b3e-47b8-a16e-ce0a8f055689', 0,
        '2020-10-08 09:05:01', '12345', 22, 'GFZ8jCzwiMdFYrpvj', NULL, 2, 1,
        '2020-10-08 09:05:01', '2020-10-08 09:05:01'),
       (60, 'ef3db553-09e7-4e65-bedc-c091224889eb', '1293c11a-1b3e-47b8-a16e-ce0a8f055689', 0,
        '2020-10-08 09:05:02', '12345', 22, '3rjiknob2HC9Hwxee', NULL, 2, 1,
        '2020-10-08 09:05:02', '2020-10-08 09:05:02'),
       (61, '8df2f0d8-281b-419c-9a59-8447b9cb6715', '1293c11a-1b3e-47b8-a16e-ce0a8f055689', 0,
        '2020-10-08 09:05:04', '12345', 22, 'BdnrThcsxq5TYC8ap', NULL, 2, 1,
        '2020-10-08 09:05:03', '2020-10-08 09:05:04'),
       (62, '53367742-751f-4be0-b8f0-20acd2fbb5dc', '1293c11a-1b3e-47b8-a16e-ce0a8f055689', 0,
        '2020-10-08 09:05:05', '12345', 22, 'tL2ozhW7qiSMyGTbq', NULL, 2, 1,
        '2020-10-08 09:05:04', '2020-10-08 09:05:05'),
       (63, '07e7a037-d279-4ecf-b6d1-6fb4f7c53229', '1293c11a-1b3e-47b8-a16e-ce0a8f055689', 0,
        '2020-10-08 09:05:06', '12345', 22, 'kNZE8a3RKbHHnEngX', NULL, 2, 1,
        '2020-10-08 09:05:06', '2020-10-08 09:05:06'),
       (64, 'c74571d2-8b8b-4233-b599-4d152a4a4e48', '1293c11a-1b3e-47b8-a16e-ce0a8f055689', 0,
        '2020-10-08 09:05:07', '12345', 22, 'Gk2YpLSWpvJxDnokJ', NULL, 2, 1,
        '2020-10-08 09:05:07', '2020-10-08 09:05:07'),
       (65, 'e838f22c-75a8-45cb-8ee6-91ca3153b2ea', '1293c11a-1b3e-47b8-a16e-ce0a8f055689', 0,
        '2020-10-08 09:05:09', '12345', 22, '37R8TtqKXZZ2cCMfZ', NULL, 2, 1,
        '2020-10-08 09:05:08', '2020-10-08 09:05:09'),
       (66, 'b7d74ad3-7361-42be-8d34-81bc44f2f903', '1293c11a-1b3e-47b8-a16e-ce0a8f055689', 0,
        '2020-10-08 09:05:10', '12345', 22, 'HJMESWC5rNz6HrDqE', NULL, 2, 1,
        '2020-10-08 09:05:09', '2020-10-08 09:05:10'),
       (67, '84edf163-cf96-4d20-a0e6-8d14328bd70d', '1293c11a-1b3e-47b8-a16e-ce0a8f055689', 0,
        '2020-10-08 09:05:11', '12345', 22, '4SWWEYhsofGuFYPyT', NULL, 2, 1,
        '2020-10-08 09:05:10', '2020-10-08 09:05:11'),
       (68, '81bea0a7-326b-4554-8196-d0eb93da123c', '1293c11a-1b3e-47b8-a16e-ce0a8f055689', 0,
        '2020-10-08 09:05:12', '12345', 22, 'vJxNGRmyxYTrq3oZS', NULL, 2, 1,
        '2020-10-08 09:05:12', '2020-10-08 09:05:12'),
       (69, 'aeafa0c1-3e8c-4285-aa9f-dcf281cdd7f3', '1293c11a-1b3e-47b8-a16e-ce0a8f055689', 0,
        '2020-10-08 09:05:13', '12345', 22, 'ZWWsgWuD8nCqYM47X', NULL, 2, 1,
        '2020-10-08 09:05:13', '2020-10-08 09:05:13'),
       (70, '97ff8289-a59a-4f7f-afb4-bfeb2acfe3c1', '1293c11a-1b3e-47b8-a16e-ce0a8f055689', 0,
        '2020-10-08 09:05:14', '12345', 22, 'w7LxmaFMq6oWBLXi6', NULL, 2, 1,
        '2020-10-08 09:05:14', '2020-10-08 09:05:14'),
       (71, '5531a46e-131d-42b1-b426-12c3b720af72', '1293c11a-1b3e-47b8-a16e-ce0a8f055689', 0,
        '2020-10-08 09:05:16', '12345', 22, 'uiDtGADWda77skG94', NULL, 2, 1,
        '2020-10-08 09:05:15', '2020-10-08 09:05:16'),
       (72, '620edd83-2b6d-4185-b4a5-8e976b8f87b2', '1293c11a-1b3e-47b8-a16e-ce0a8f055689', 0,
        '2020-10-08 09:05:17', '12345', 22, 'Q2LKooKamQhvX6WeZ', NULL, 2, 1,
        '2020-10-08 09:05:16', '2020-10-08 09:05:17'),
       (73, 'b5133bd8-e53e-4db9-a38d-2f825587313d', '1293c11a-1b3e-47b8-a16e-ce0a8f055689', 0,
        '2020-10-08 09:05:18', '12345', 22, 'GNF9xMnCuvtuHnFk2', NULL, 2, 1,
        '2020-10-08 09:05:18', '2020-10-08 09:05:18'),
       (74, '6185408c-a63c-40d1-9531-0e28cec04ec0', '1293c11a-1b3e-47b8-a16e-ce0a8f055689', 0,
        '2020-10-08 09:05:19', '12345', 22, 'paRARjivBWdY6wt3A', NULL, 2, 1,
        '2020-10-08 09:05:19', '2020-10-08 09:05:19'),
       (75, 'b4ad2528-280f-4865-9f30-1a63e1feb261', '1293c11a-1b3e-47b8-a16e-ce0a8f055689', 0,
        '2020-10-08 09:05:20', '12345', 22, 'yfekyKdeR7bJhkZY6', NULL, 2, 1,
        '2020-10-08 09:05:20', '2020-10-08 09:05:20'),
       (76, '22737f02-0749-467e-8a51-7c751d20ca05', '1293c11a-1b3e-47b8-a16e-ce0a8f055689', 0,
        '2020-10-08 09:05:21', '12345', 22, 'DupwZGz6P4WiQHPHD', NULL, 2, 1,
        '2020-10-08 09:05:21', '2020-10-08 09:05:21'),
       (77, '0b198be7-368a-478a-8c7c-0ea381caeba4', '1293c11a-1b3e-47b8-a16e-ce0a8f055689', 0,
        '2020-10-08 09:05:23', '12345', 22, '7WZKC5tARpGKuxrSg', NULL, 2, 1,
        '2020-10-08 09:05:22', '2020-10-08 09:05:23'),
       (78, 'e5d4b473-d124-40bf-b169-c12c61911166', '1293c11a-1b3e-47b8-a16e-ce0a8f055689', 0,
        '2020-10-08 09:05:24', '12345', 22, 'Nc5mgAH8oXEHc3Tfq', NULL, 2, 1,
        '2020-10-08 09:05:23', '2020-10-08 09:05:24'),
       (79, '52889f42-7866-49d7-bd47-dd744058f6f3', '1293c11a-1b3e-47b8-a16e-ce0a8f055689', 0,
        '2020-10-08 09:05:25', '12345', 22, 'dryvBGmwQfQjkS9d7', NULL, 2, 1,
        '2020-10-08 09:05:25', '2020-10-08 09:05:25'),
       (80, '461afff4-2bbd-45d4-80aa-64a20b09f9b7', '1293c11a-1b3e-47b8-a16e-ce0a8f055689', 0,
        '2020-10-08 09:05:26', '12345', 22, 'rZ6jWhTf5qvHz5L22', NULL, 2, 1,
        '2020-10-08 09:05:26', '2020-10-08 09:05:26'),
       (81, '1d0a5771-a38d-4e7d-a546-28262f9f4176', '1293c11a-1b3e-47b8-a16e-ce0a8f055689', 0,
        '2020-10-08 09:05:27', '12345', 22, 'LhLPRMaAM6giPNKgF', NULL, 2, 1,
        '2020-10-08 09:05:27', '2020-10-08 09:05:27'),
       (82, '92d46a1f-e37e-479b-b808-00f54c622cd2', '1293c11a-1b3e-47b8-a16e-ce0a8f055689', 0,
        '2020-10-08 09:05:29', '12345', 22, 'fp5o9dZ5RRn52nCTL', NULL, 2, 1,
        '2020-10-08 09:05:28', '2020-10-08 09:05:29'),
       (83, '497e29c1-63d7-4ee3-9fa3-6c5de0ec1b55', '1293c11a-1b3e-47b8-a16e-ce0a8f055689', 0,
        '2020-10-08 09:05:30', '12345', 22, 'vXDyC5eMh9JWkoW8K', NULL, 2, 1,
        '2020-10-08 09:05:30', '2020-10-08 09:05:30'),
       (84, '5bb9eb2a-afb9-4b27-aff3-511d7977e24c', '1293c11a-1b3e-47b8-a16e-ce0a8f055689', 0,
        '2020-10-08 09:05:31', '12345', 22, 'PXDqqcvyXRB9kqSza', NULL, 2, 1,
        '2020-10-08 09:05:31', '2020-10-08 09:05:31'),
       (85, '8a08d08d-f5c4-409f-a597-490678f948c1', '1293c11a-1b3e-47b8-a16e-ce0a8f055689', 0,
        '2020-10-08 09:05:32', '12345', 22, 'SgqX2Dop3jRyop8T8', NULL, 2, 1,
        '2020-10-08 09:05:32', '2020-10-08 09:05:32'),
       (86, '087f20e2-426d-4d8e-a97e-15724217815a', '1293c11a-1b3e-47b8-a16e-ce0a8f055689', 0,
        '2020-10-08 09:05:34', '12345', 22, 'GeZdct8JSAmMgaa9b', NULL, 2, 1,
        '2020-10-08 09:05:33', '2020-10-08 09:05:34'),
       (87, 'e0b22e51-04e2-473b-962d-64d43a4fae16', '1293c11a-1b3e-47b8-a16e-ce0a8f055689', 0,
        '2020-10-08 09:05:35', '12345', 22, 'aZRKYwC8s2TrNafQA', NULL, 2, 1,
        '2020-10-08 09:05:34', '2020-10-08 09:05:35'),
       (88, '4c71c9f5-f041-40fe-8d19-cd6801efb41c', '1293c11a-1b3e-47b8-a16e-ce0a8f055689', 0,
        '2020-10-08 09:05:36', '12345', 22, 'DFGE3G3CbzzWpyQBF', NULL, 2, 1,
        '2020-10-08 09:05:36', '2020-10-08 09:05:36'),
       (89, 'abb9bf86-a5ac-4727-a9c2-e4962fe09681', '1293c11a-1b3e-47b8-a16e-ce0a8f055689', 0,
        '2020-10-08 09:05:37', '12345', 22, 'njsmQRX7YhDGEvg9Z', NULL, 2, 1,
        '2020-10-08 09:05:37', '2020-10-08 09:05:37'),
       (90, '6fd1c97d-dfe6-45de-8e48-d7a44dad5f85', '1293c11a-1b3e-47b8-a16e-ce0a8f055689', 0,
        '2020-10-08 09:05:39', '12345', 22, 'uHhxAohRdyg3vE2Bf', NULL, 2, 1,
        '2020-10-08 09:05:38', '2020-10-08 09:05:39'),
       (91, 'de46fedb-4138-4862-9e0a-452e920840d1', '1293c11a-1b3e-47b8-a16e-ce0a8f055689', 0,
        '2020-10-08 09:05:40', '12345', 22, 'cSxvuix7umC4MFzm8', NULL, 2, 1,
        '2020-10-08 09:05:40', '2020-10-08 09:05:40'),
       (92, 'cf2039ec-0eef-4805-8a14-2c2acffc2e3f', '1293c11a-1b3e-47b8-a16e-ce0a8f055689', 0,
        '2020-10-08 09:05:41', '12345', 22, 'bYiFnfAS28z4ZdxP7', NULL, 2, 1,
        '2020-10-08 09:05:41', '2020-10-08 09:05:41'),
       (93, 'ce9ca5e1-b0a2-4200-b764-2eb39a16a377', '1293c11a-1b3e-47b8-a16e-ce0a8f055689', 0,
        '2020-10-08 09:05:42', '12345', 22, '7scmwTeWFojDxfQpd', NULL, 2, 1,
        '2020-10-08 09:05:42', '2020-10-08 09:05:42'),
       (94, '4f0a33f3-3a3d-45d8-90c1-83963fd5727c', '1293c11a-1b3e-47b8-a16e-ce0a8f055689', 0,
        '2020-10-08 09:05:44', '12345', 22, 'MjxRNAjsy6sakDLPj', NULL, 2, 1,
        '2020-10-08 09:05:43', '2020-10-08 09:05:44'),
       (95, '679b6688-2b2b-43ff-af7a-873d9be81523', '1293c11a-1b3e-47b8-a16e-ce0a8f055689', 0,
        '2020-10-08 09:05:45', '12345', 22, 'gfr3Co5A7KtuwRtSe', NULL, 2, 1,
        '2020-10-08 09:05:44', '2020-10-08 09:05:45'),
       (96, '6ddc65e1-b78c-4036-af8b-d70190e52ddb', '1293c11a-1b3e-47b8-a16e-ce0a8f055689', 0,
        '2020-10-08 09:05:46', '12345', 22, 'hkqramhsDnJMYwMmr', NULL, 2, 1,
        '2020-10-08 09:05:46', '2020-10-08 09:05:46'),
       (97, '015d013d-95e7-4e91-85b5-12cdb3d317f3', '1293c11a-1b3e-47b8-a16e-ce0a8f055689', 0,
        '2020-10-08 09:05:47', '12345', 22, 'o7Pquje4twR2JXv6T', NULL, 2, 1,
        '2020-10-08 09:05:47', '2020-10-08 09:05:47'),
       (98, '3920f1d9-872f-4ebb-adc5-86ab55005c3b', '1293c11a-1b3e-47b8-a16e-ce0a8f055689', 0,
        '2020-10-08 09:05:49', '12345', 22, 'tqMTRiiTTH8G7g5oN', NULL, 2, 1,
        '2020-10-08 09:05:48', '2020-10-08 09:05:49'),
       (99, '242521b6-7fe0-4441-911a-1ea499fb6a68', '1293c11a-1b3e-47b8-a16e-ce0a8f055689', 0,
        '2020-10-08 09:05:50', '12345', 22, 'rAiKzcrkxv9ijkDr4', NULL, 2, 1,
        '2020-10-08 09:05:50', '2020-10-08 09:05:50'),
       (100, '392e749b-c5d6-4801-a8b4-f9891a9063a9', '1293c11a-1b3e-47b8-a16e-ce0a8f055689', 0,
        '2020-10-08 09:05:51', '12345', 22, 'j5gNEd7opP8SZJhaY', NULL, 2, 1,
        '2020-10-08 09:05:51', '2020-10-08 09:05:51'),
       (101, 'a42809ea-3880-432e-95a2-c757df3e7712', '1293c11a-1b3e-47b8-a16e-ce0a8f055689', 0,
        '2020-10-08 09:05:53', '12345', 22, 'gYnPXgwbQX6kGeJ6A', NULL, 2, 1,
        '2020-10-08 09:05:52', '2020-10-08 09:05:53'),
       (102, '9113d9c7-d8de-402f-82a9-5276af7a8e34', '1293c11a-1b3e-47b8-a16e-ce0a8f055689', 0,
        '2020-10-08 09:05:54', '12345', 22, 'yGjDfD2ce2qRGzmyx', NULL, 2, 1,
        '2020-10-08 09:05:53', '2020-10-08 09:05:54'),
       (103, '17614453-af19-4a63-81bd-e8557a71206c', '1293c11a-1b3e-47b8-a16e-ce0a8f055689', 0,
        '2020-10-08 09:05:55', '12345', 22, '6f2aGGHG4wCjJnL5M', NULL, 2, 1,
        '2020-10-08 09:05:55', '2020-10-08 09:05:55'),
       (104, '84fffb36-aa48-43ad-ab7f-571f86c1690a', '1293c11a-1b3e-47b8-a16e-ce0a8f055689', 0,
        '2020-10-08 09:05:56', '12345', 22, 'uaNcspp4SbkpaP5nA', NULL, 2, 1,
        '2020-10-08 09:05:56', '2020-10-08 09:05:56'),
       (105, 'f55104c2-7358-4c2d-bebc-d7398e2029d3', '1293c11a-1b3e-47b8-a16e-ce0a8f055689', 0,
        '2020-10-08 09:05:57', '12345', 22, 'BPBabPPsjXaKGvRKT', NULL, 2, 1,
        '2020-10-08 09:05:57', '2020-10-08 09:05:57'),
       (106, '09cf881e-1f64-498b-bce3-0ca4f939a864', '1293c11a-1b3e-47b8-a16e-ce0a8f055689', 0,
        '2020-10-08 09:05:59', '12345', 22, 'ACmCrTYfPXsq5LFb9', NULL, 2, 1,
        '2020-10-08 09:05:58', '2020-10-08 09:05:59'),
       (107, 'c32950a8-b69e-4c48-8d34-831dfc25e1b3', '1293c11a-1b3e-47b8-a16e-ce0a8f055689', 0,
        '2020-10-08 09:06:00', '12345', 22, 'bpYT46hjeLGgaAJKM', NULL, 2, 1,
        '2020-10-08 09:05:59', '2020-10-08 09:06:00'),
       (108, '8aa757e8-5ca4-4e22-b36a-105d0d4c2b6d', '1293c11a-1b3e-47b8-a16e-ce0a8f055689', 0,
        '2020-10-08 09:06:01', '12345', 22, 'QFGvregnGg64BkgBg', NULL, 2, 1,
        '2020-10-08 09:06:00', '2020-10-08 09:06:01'),
       (109, '24874d74-acfb-4ae4-a853-d01c66cd93aa', '1293c11a-1b3e-47b8-a16e-ce0a8f055689', 0,
        '2020-10-08 09:06:02', '12345', 22, 'DBJJ47JvLS84eJwGm', NULL, 2, 1,
        '2020-10-08 09:06:02', '2020-10-08 09:06:02'),
       (110, 'b0d50e77-5a91-47ea-9d32-a634c1828ba6', '1293c11a-1b3e-47b8-a16e-ce0a8f055689', 0,
        '2020-10-08 09:06:03', '12345', 22, 'fhSJLHSeiLD7Cayg9', NULL, 2, 1,
        '2020-10-08 09:06:03', '2020-10-08 09:06:03'),
       (111, '9c4b5470-ac4f-476e-b684-7c1930df51c5', '1293c11a-1b3e-47b8-a16e-ce0a8f055689', 0,
        '2020-10-08 09:06:05', '12345', 22, 'sEkvdrnLn7zMo4qq7', NULL, 2, 1,
        '2020-10-08 09:06:05', '2020-10-08 09:06:05'),
       (112, 'ece53279-1305-46e6-8d41-65a66ef10416', '1293c11a-1b3e-47b8-a16e-ce0a8f055689', 0,
        '2020-10-08 09:06:06', '12345', 22, 'WvDdFm33gbDrMTDPh', NULL, 2, 1,
        '2020-10-08 09:06:06', '2020-10-08 09:06:06'),
       (113, 'e058b3fd-04e6-40d9-a1ef-0e32eba5bc9a', '1293c11a-1b3e-47b8-a16e-ce0a8f055689', 0,
        '2020-10-08 09:06:07', '12345', 22, 'hDYdiayZxSHBofb4Q', NULL, 2, 1,
        '2020-10-08 09:06:07', '2020-10-08 09:06:07'),
       (114, 'ada498f6-29d4-4d01-8749-e2f6ec4d58ca', '1293c11a-1b3e-47b8-a16e-ce0a8f055689', 0,
        '2020-10-08 09:06:09', '12345', 22, 'J7ongNH8n5289CQcW', NULL, 2, 1,
        '2020-10-08 09:06:08', '2020-10-08 09:06:09'),
       (115, '6197172d-2200-4b2c-8abc-74c54dd248a2', '1293c11a-1b3e-47b8-a16e-ce0a8f055689', 0,
        '2020-10-08 09:06:10', '12345', 22, 'mmYnSzBA7qwAekP9D', NULL, 2, 1,
        '2020-10-08 09:06:09', '2020-10-08 09:06:10'),
       (116, 'a70122e6-c1c1-41ed-80fe-e7021b75649c', '1293c11a-1b3e-47b8-a16e-ce0a8f055689', 0,
        '2020-10-08 09:06:11', '12345', 22, 'QLfco43bL3ynFu7Wx', NULL, 2, 1,
        '2020-10-08 09:06:11', '2020-10-08 09:06:11'),
       (117, 'fc0264d1-5b49-4993-89cf-6f71fbf3850a', '1293c11a-1b3e-47b8-a16e-ce0a8f055689', 0,
        '2020-10-08 09:06:12', '12345', 22, 'PgqGk4osj9e8k9DLb', NULL, 2, 1,
        '2020-10-08 09:06:12', '2020-10-08 09:06:13'),
       (118, '4f8a3ee6-9a40-49a0-81f2-9b2791e7262a', '1293c11a-1b3e-47b8-a16e-ce0a8f055689', 0,
        '2020-10-08 09:06:14', '12345', 22, 'xvkFMEWRKpqpZNooD', NULL, 2, 1,
        '2020-10-08 09:06:13', '2020-10-08 09:06:14'),
       (119, '892c6250-94ad-4d2d-8b3d-91f41fe37e34', '1293c11a-1b3e-47b8-a16e-ce0a8f055689', 0,
        '2020-10-08 09:06:15', '12345', 22, 'DTZfHvsJA8ratDGsL', NULL, 2, 1,
        '2020-10-08 09:06:15', '2020-10-08 09:06:15'),
       (120, 'eba13c5e-091e-4ada-b8e6-f6d765a4b659', '1293c11a-1b3e-47b8-a16e-ce0a8f055689', 0,
        '2020-10-08 09:06:17', '12345', 22, 'cZQ5qCsBTpiB5Xhe8', NULL, 2, 1,
        '2020-10-08 09:06:16', '2020-10-08 09:06:17'),
       (121, 'e084e40d-87de-460c-b955-0f4fc44b2d34', '1293c11a-1b3e-47b8-a16e-ce0a8f055689', 0,
        '2020-10-08 09:06:18', '12345', 22, '8gsrNCHGAzdFqKQPN', NULL, 2, 1,
        '2020-10-08 09:06:18', '2020-10-08 09:06:18'),
       (122, '683435b1-18cb-4ee4-a405-a23b1153ee11', '1293c11a-1b3e-47b8-a16e-ce0a8f055689', 0,
        '2020-10-08 09:06:19', '12345', 22, 'nkBnEpkejGQqgc7eF', NULL, 2, 1,
        '2020-10-08 09:06:19', '2020-10-08 09:06:19'),
       (123, 'df5a2183-461e-4797-af41-4947d6207369', '1293c11a-1b3e-47b8-a16e-ce0a8f055689', 0,
        '2020-10-08 09:06:20', '12345', 22, 'BXJm3GBGN7RDw5EkF', NULL, 2, 1,
        '2020-10-08 09:06:20', '2020-10-08 09:06:20'),
       (124, 'c0db8283-eb25-478a-af35-a84276e46ede', '1293c11a-1b3e-47b8-a16e-ce0a8f055689', 0,
        '2020-10-08 09:06:21', '12345', 22, 'ifrBiddZo7Wsf73p4', NULL, 2, 1,
        '2020-10-08 09:06:21', '2020-10-08 09:06:21'),
       (125, '12432b57-0b50-4467-af36-ba8ec88ab156', '1293c11a-1b3e-47b8-a16e-ce0a8f055689', 0,
        '2020-10-08 09:06:22', '12345', 22, 'bPSsHgRNm9vPsPdpk', NULL, 2, 1,
        '2020-10-08 09:06:22', '2020-10-08 09:06:22'),
       (200, 'b35fe70d-e832-4c7d-9758-db9b049400c5', NULL, 0, NULL, '88214', 15, NULL, NULL, 0, 0,
        '2020-10-13 07:12:18', '2020-10-13 07:12:18'),
       (201, '552d3f10-1b6d-47ee-aec5-b88fbf988f9e', NULL, 0, NULL, '88214', 15, NULL, NULL, 0, 0,
        '2020-10-14 06:08:46', '2020-10-14 06:08:46'),
       (202, 'fd8d66e9-ca90-4dfa-872d-c4234752940d', NULL, 0, NULL, '88214', 15, NULL, NULL, 0, 0,
        '2020-10-14 06:40:03', '2020-10-14 06:40:03'),
       (300, '780ce9a1-cd81-43c7-9560-0ce843469039', NULL, 1, NULL, '88045', 121, NULL, NULL, 0, 1,
        '2020-10-20 11:03:25', '2020-10-20 11:03:25'),
       (301, '7e87117b-83f5-4651-9649-fca51e038997', NULL, 1, NULL, '88045', 121, NULL, NULL, 0, 1,
        '2020-10-20 11:11:39', '2020-10-20 11:11:39'),
       (400, 'd9b10dea-bebf-49da-8f2f-5ab986f9d1bf', NULL, 1, NULL, '88045', 121, NULL, NULL, 0, 1,
        '2020-10-20 11:42:36', '2020-10-20 11:42:36'),
       (500, 'd7abe2c2-2e2d-48f2-a900-bc57d86bf3f7', NULL, 0, NULL, '88600', 84, NULL, NULL, 0, 0,
        '2020-10-21 07:58:22', '2020-10-21 07:58:22'),
       (501, '68c87e38-fbf8-45c4-be20-745aecc89d3f', NULL, 0, '2020-10-21 07:59:13', '88900', 98,
        'pBTzJf5qGpikzYocA', NULL, 1, 0, '2020-10-21 07:59:04', '2020-10-21 07:59:13'),
       (700, '017cac2a-2086-47eb-9f8e-40547dfa2fd5', '45816eb6-984b-411f-a818-996cd16e1f2a', 1,
        '2020-10-28 10:44:47', '88045', 121, 'NA3QQHx2kcqKzXmSk', 'Nk8PFjTMo6mauz79b', 2, 1,
        '2020-10-28 10:44:37', '2020-10-28 12:06:05'),
       (800, '7197c296-b1d4-4731-9097-147e49883225', NULL, 0, NULL, '88690', 15, NULL, NULL, 0, 0,
        '2020-11-04 07:13:15', '2020-11-04 07:13:15'),
       (801, 'b4f7ff27-6be9-49ae-83a2-f8447dae5259', NULL, 1, NULL, '12345', 121, NULL, NULL, 0, 1,
        '2020-11-04 07:21:50', '2020-11-04 07:21:50'),
       (900, '9c4057d0-05ad-4e86-a47c-dc5bdeec03b9', 'bad14912-cf9f-4c16-9d0e-fe8ede9b60dc', 1,
        '2020-11-04 09:18:33', '88045', 121, 'YWKxhFX5K2HPpsFbs', '9faSTWZ5gurHLXy4R', 2, 1,
        '2020-11-04 09:18:21', '2020-11-04 09:18:56'),
       (1000, 'fd639b0e-4e90-415e-9cd4-372781b71ce4', 'bad14912-cf9f-4c16-9d0e-fe8ede9b60dc', 1,
        '2020-11-04 09:29:30', '88045', 121, 'eetw6QsBQTJWxHCEM', '4SPkApB8So88c7tQ3', 2, 1,
        '2020-11-04 09:29:14', '2020-11-04 09:29:38'),
       (1100, '9c4057d0-05ad-4e86-a47c-dc5bdeec03b9', NULL, 6, '2020-11-04 14:50:33', '88600', 229,
        'mzAdWzQEobJ2PkoxP', NULL, 1, 0, '2020-11-04 14:50:03', '2020-11-04 14:50:33'),
       (1101, '9c4057d0-05ad-4e86-a47c-dc5bdeec03b9', '94c3e0b1-0677-4fd2-a7ea-56a71aefd0e8', 9,
        '2020-11-04 14:56:17', '00000', 639, 'Jn2fnQgSBACCv5pr7', NULL, 2, 1,
        '2020-11-04 14:56:08', '2020-11-04 14:57:28'),
       (1201, 'def9a0a1-c936-45ee-9141-d73dfc0a3888', NULL, 1, NULL, '12345', 121,
        NULL, NULL, 0, 1, '2018-04-20 11:09:32',
        '2018-04-20 11:09:32'),
       (1202, 'hki9a0a1-c936-45ee-9141-d73dfc0a3777', NULL, 1, NULL, '12345', 121,
        NULL, NULL, 0, 1, '2018-02-05 11:09:32',
        '2018-02-05 11:09:32'),
       (1203, 'hki9a0a1-c936-45ee-9141-d73dfc0a3777', '94c3e0b1-0677-4fd2-a7ea-56a71aefd0e8', 9,
        '2018-02-05 11:09:32', '00000', 639, 'Jn2fnQgSBACCv5pr7', NULL, 2, 1,
        '2018-02-05 11:09:32', '2018-02-05 11:09:32'),
       (1204, 'dlk9a0a1-c936-45ee-9141-d73dfc0a3666', '94c3e0b1-0677-4fd2-a7ea-56a71aefd0e8', 9,
        '2018-01-01 11:09:32', '00000', 639, 'Jn2fnQgSBACCv5pr7', NULL, 2, 1,
        '2018-01-01 11:09:32', '2018-01-01 11:09:32'),
       (1205, 'abc9a0a1-c936-45ee-9141-d73dfc0a3999', NULL, 1, NULL, '12345', 121,
        NULL, NULL, 0, 1, '2018-05-01 09:04:32', '2018-05-01 09:04:32'),
       (1206, 'arb9a0a1-c936-45ee-9141-d73dfc0a3111', NULL, 1, NULL, '12345', 121,
        NULL, NULL, 0, 1, '2019-02-02 09:04:32', '2019-02-02 09:04:32'),
       (1207, 'jurea0a1-c936-45ee-9141-d73dfc0a3000', NULL, 1, NULL, '12345', 121,
        NULL, NULL, 0, 1, '2018-05-01 09:04:32', '2018-05-01 09:04:32'),
       (1208, 'jurea0a1-c936-45ee-9141-d73dfc0a3000', '94c3e0b1-0677-4fd2-a7ea-56a71aefd0e8', 9,
        '2020-02-05 11:09:32', '00000', 639, 'Jn2fnQgSBACCv5pr7', NULL, 2, 1,
        '2020-02-05 11:09:32', '2020-02-05 11:09:32'),
       (1209, '236b97bf-6cd7-434a-83f3-0a0b129dd45a', '75abe824-fb42-476d-a52a-66660113bdcc', 0,
        '2020-10-08 09:03:48', '12345', 0, 'DJrRTzFg8Ac2BqE8j', NULL, 4, 0,
        '2020-10-08 09:03:47', '2020-10-08 09:03:48'),
       (1210, '236b97bf-6cd7-434a-83f3-0a0b129dd45a', '94c3e0b1-0677-4fd2-a7ea-56a71aefd0e8', 0,
        '2020-10-08 09:03:48', '12345', 0, 'DJrRTzFg8Ac2BqE8j', NULL, 4, 0,
        '2020-10-08 09:03:47', '2020-10-08 09:03:48'),
       (1211, '236b97bf-6cd7-434a-83f3-0a0b129dd45a', '94c3e0b1-0677-4fd2-a7ea-56a71aefd0e8', 0,
        '2020-10-08 09:03:48', '12345', 0, 'DJrRTzFg8Ac2BqE8j', NULL, 4, 0,
        '2020-10-08 09:03:47', '2020-10-08 09:03:48'),
       (1212, '236b97bf-6cd7-434a-83f3-0a0b129dd45a', '34c3x5b1-0677-4fd2-a7ea-56a71aefd099', 0,
        '2020-10-08 09:03:48', '12345', 0, 'DJrRTzFg8Ac2BqE8j', NULL, 3, 0,
        '2020-10-08 09:03:47', '2020-10-08 09:03:48'),
       (1213, 'jurea0a1-c936-45ee-9141-d73dfc0a3000', '94c3e0b1-0677-4fd2-a7ea-56a71aefd0e8', 9,
        '2020-02-05 11:09:32', '00000', 639, 'XJrRTzFg8Ac5BwE86', NULL, 1, 0,
        '2020-02-05 11:09:32', '2020-02-05 11:09:32'),
       (1214, '679b6688-2b2b-43ff-af7a-873d9be81523', '75abe824-fb42-476d-a52a-66660113bdcc', 0,
        '2020-10-08 09:03:48', '12345', 0, 'DJrRTzFg8Ac2BqE8j', NULL, 4, 0,
        '2020-10-08 09:03:47', '2020-10-08 09:03:48');

INSERT INTO session (`id`, `user_id`, `consultant_id`, `consulting_type`, `message_date`,
                     `postcode`, `agency_id`, `rc_group_id`, `rc_feedback_group_id`, `status`,
                     `is_team_session`, `create_date`, `update_date`,
                     `main_topic_id`, `user_age`, `user_gender`, `counselling_relation`)
VALUES (1200, '06c6601f-a5b4-4812-9260-20065390b1f5', NULL, 1, '2020-11-05 14:18:16', '12345', 121,
        'ix7E7HzXKTgGeQMyb', 'EQBcSwxn4eCAPYQ2J', 1, 1, '2020-11-05 14:17:34',
        '2020-11-05 14:18:16', 1, 15, 'FEMALE', 'SELF_COUNSELLING'),
       (1215, '1da238c6-cd46-4162-80f1-bff74eafe77f', '34c3x5b1-0677-4fd2-a7ea-56a71aefd099', 0,
        '2020-10-08 09:03:45', '12345', 1, 'DJrRTzFg8Ac2BqE8j', 'E6FohkNfEDPY9bRXc', 2, 0,
        '2020-10-08 09:03:45', '2020-10-08 09:03:45', 1, 25, 'MALE', 'SELF_COUNSELLING'),
       (1216, '06c6601f-a5b4-4812-9260-20065390b1f5', '473f7c4b-f011-4fc2-847c-ceb636a5b399', 1,
        '2020-11-05 14:18:16', '12345', 121, 'ix7E7HzXKTgGeQMyb', 'EQBcSwxn4eCAPYQ2J', 1, 1,
        '2020-11-05 14:17:34', '2020-11-05 14:18:16', 1, 15, 'FEMALE', 'SELF_COUNSELLING');


INSERT INTO session_topic (`id`, `session_id`, `topic_id`, `create_date`, `update_date`)
VALUES (1, 1200, 1, '2020-10-08 09:03:45', '2020-10-08 09:03:45'),
       (2, 1200, 2, '2020-10-08 09:03:45', '2020-10-08 09:03:45'),
       (3, 1216, 1, '2020-10-08 09:03:45', '2020-10-08 09:03:45'),
       (4, 1216, 2, '2020-10-08 09:03:45', '2020-10-08 09:03:45');

INSERT INTO admin (`admin_id`, `username`, `first_name`, `last_name`, `email`,
                   `type`, `rc_user_id`, `tenant_id`, `create_date`, `update_date`)
VALUES ('d42c2e5e-143c-4db1-a90f-7cccf82fbb15', 'ofarragher0', 'Olvan', 'Farragher',
        'ofarragher0@vk.com', 'AGENCY', 'z4TkzduI', 0, '2021-12-21 23:14:03',
        '2021-12-02 16:15:56'),
       ('7ad454de-cf29-4557-b8b3-1bf986524de2', 'apau1', 'Jeffy', 'Pau', 'apau1@nymag.com',
        'AGENCY', 'xKAefvo', 1, '2022-01-24 23:11:29', '2022-04-10 22:47:34'),
       ('6d15b3ff-2394-4d9f-9ea5-e958afe6a65c', 'rstickells2', 'Jeffy', 'Stickells',
        'rstickells2@eventbrite.com', 'AGENCY', 'nbaKmMyzG', 2, '2022-01-01 22:52:43',
        '2021-12-21 23:17:05'),
       ('164be67d-4d1b-4d80-bb6b-0ee057a1c59e', 'byarnold3', 'Jeffy', 'Yarnold',
        'byarnold3@discuz.net', 'AGENCY', 'CemSiLyUrKzX', 2, '2022-01-11 16:02:30',
        '2022-07-01 14:56:23'),
       ('2339d873-8155-4a00-a9be-3707e5f04c09', 'qmcmychem4', 'Quincey', 'McMychem',
        'qmcmychem4@mediafire.com', 'AGENCY', 'tdQ5LpvI7u', 0, '2022-04-28 15:01:39',
        '2022-02-04 22:23:05'),
       ('6584f4a9-a7f0-42f0-b929-ab5c99c0802d', 'cgenney5', 'Ceil', 'Genney',
        'cgenney5@imageshack.us', 'TENANT', 'cVO6lHNCi', 102, '2022-10-04 10:13:08',
        '2022-01-03 03:14:00'),
       ('382517bc-7b9d-4c44-8d33-6b8638201c98', 'jcaseborne6', 'Jeffy', 'Caseborne',
        'jcaseborne6@whitehouse.gov', 'TENANT', 'n8bAlPL9Ui', 2, '2022-06-23 05:16:13',
        '2022-01-19 04:48:18'),
       ('64edee24-ef71-4f16-8347-5f521e7c2807', 'wwhoolehan7', 'Whittaker', 'Whoolehan',
        'wwhoolehan7@webeden.co.uk', 'AGENCY', '4jbftinN', 0, '2022-02-04 08:09:52',
        '2022-07-28 12:35:40'),
       ('7b1e15fe-4039-4ce7-a078-05996ff06676', 'nbaile8', 'Nannette', 'Baile',
        'nbaile8@utexas.edu', 'TENANT', 'qkjfX8lMMqX', 0, '2022-07-03 15:34:23',
        '2022-07-27 19:53:34'),
       ('4f7d7d85-7592-4a9e-8b68-cb319274c1e0', 'bhackworthy9', 'Barn', 'Hackworthy',
        'bhackworthy9@sourceforge.net', 'AGENCY', 'ODNw9Sg40QZa', 0, '2022-02-17 04:31:22',
        '2022-03-11 22:27:37'),
       ('faaf0cc8-54b6-4c94-9f8e-454217596180', 'wsygrovesa', 'Warden', 'Sygroves',
        'wsygrovesa@squidoo.com', 'AGENCY', 'nz5cl0e', 0, '2022-01-14 14:33:17',
        '2022-08-24 16:38:54'),
       ('b3727243-bcd6-4376-bddd-c4cabb9a907b', 'lfinlryb', 'Lita', 'Finlry',
        'lfinlryb@squidoo.com', 'TENANT', 'ohExQG', 0, '2022-11-20 09:01:06',
        '2022-06-23 04:21:21'),
       ('8170f72a-40ef-4a14-bf3a-ad52a6ce20d0', 'lmordeyc', 'Ludvig', 'Mordey',
        'lmordeyc@parallels.com', 'AGENCY', 'nH5zepMffY', 0, '2022-08-28 09:25:36',
        '2022-05-09 06:29:20'),
       ('1321383d-8f44-40d6-bc24-41bc37d8a20d', 'hedgeond', 'Hakeem', 'Edgeon',
        'hedgeond@miitbeian.gov.cn', 'SUPER', 'fdtjKz', 0, '2022-09-21 16:27:15',
        '2022-09-03 20:41:30'),
       ('a86ab999-262f-4061-9512-033940ce8e17', 'emacwilliame', 'Ebony', 'MacWilliam',
        'emacwilliame@arstechnica.com', 'TENANT', 'nabJkwul', 0, '2022-09-30 20:39:49',
        '2022-11-01 19:07:01'),
       ('5e835ff6-4729-4dc9-aa80-ee72e57c1771', 'lbrakef', 'Levin', 'Brake', 'lbrakef@globo.com',
        'SUPER', 'ai3j129gFmz', 0, '2022-07-18 20:41:08', '2022-01-01 10:09:46'),
       ('a67cebb4-c246-4ad7-8f2c-4318c973a300', 'tmccaffertyg', 'Tera', 'McCafferty',
        'tmccaffertyg@cnet.com', 'AGENCY', 'vch4Zc', 0, '2022-10-20 04:27:45',
        '2021-12-05 06:08:21'),
       ('1cb9dc15-b817-441e-8070-64d770681acd', 'closanoh', 'Carlene', 'Losano',
        'closanoh@nbcnews.com', 'SUPER', 'r3YXo6r', 0, '2022-09-29 20:49:52',
        '2022-07-18 03:28:04'),
       ('2b5e3a9f-ff69-4901-b4b9-7b99713a99b2', 'twieldi', 'Thacher', 'Wield',
        'twieldi@latimes.com', 'SUPER', 'oXIYmz7M', 0, '2022-08-29 19:41:17',
        '2022-08-19 11:37:56'),
       ('10792d02-8e8b-4cb2-98d6-338effab48b3', 'bprayj', 'Brande', 'Pray', 'bprayj@dedecms.com',
        'AGENCY', 'MZu8NpoSB', 0, '2022-10-06 13:00:46', '2022-05-06 04:02:31'),
       ('84cb8696-992e-498f-97da-f7e31a65a442', 'lfrewk', 'Lorine', 'Frew',
        'lfrewk@telegraph.co.uk', 'AGENCY', 'ICnCwOpYBj', 0, '2022-11-23 10:48:48',
        '2022-11-25 04:35:49'),
       ('7e7d8af8-2b45-48a3-8bdb-359d082d557d', 'cstickell', 'Cora', 'Stickel',
        'cstickell@live.com', 'TENANT', 'pKyxziiZ', 0, '2022-02-16 04:32:37',
        '2021-12-11 18:37:20'),
       ('4cf7febb-8849-460f-8daf-d9fa83098ba9', 'mionnisianm', 'Margarethe', 'Ionnisian',
        'mionnisianm@meetup.com', 'TENANT', 'h4xnGCIyoE', 0, '2022-05-17 11:10:44',
        '2021-12-05 22:17:19'),
       ('bb9aed91-a06a-4f99-a56c-a3f0524e6281', 'sstockingn', 'Sander', 'Stocking',
        'sstockingn@g.co', 'TENANT', 'y2c2ADk4vAQ', 0, '2022-03-15 04:08:57',
        '2022-05-07 21:44:00'),
       ('4672410f-3533-4a79-94ae-e2056705e702', 'hbuchetto', 'Hamil', 'Buchett',
        'hbuchetto@yellowbook.com', 'AGENCY', 'a7T3j770', 0, '2022-04-28 03:35:16',
        '2022-06-29 07:33:01'),
       ('9fb9dd39-0990-4516-a847-13f713493722', 'mdimondp', 'Maurene', 'Dimond',
        'mdimondp@4shared.com', 'SUPER', 'DhGP5DRZ', 0, '2022-05-17 03:13:20',
        '2022-06-03 21:06:01'),
       ('3463b29a-b882-4140-b260-58c4325561ce', 'flamborneq', 'Flynn', 'Lamborne',
        'flamborneq@walmart.com', 'TENANT', 'ANSgsoJqOP', 0, '2022-05-22 07:54:21',
        '2022-09-03 07:26:02'),
       ('bbe47746-0379-4fa3-94f5-041c62a5c7b7', 'lbromwichr', 'Larry', 'Bromwich',
        'lbromwichr@utexas.edu', 'AGENCY', 'LTB49E', 0, '2022-03-19 09:11:39',
        '2022-02-26 05:14:45'),
       ('bdaabcf1-49da-4f68-bc6b-60ec5054820a', 'fchesnuts', 'Flint', 'Chesnut',
        'fchesnuts@bluehost.com', 'TENANT', 'OdRvmjvcl8q', 0, '2022-01-06 20:51:58',
        '2022-07-28 03:04:25'),
       ('aa3be4a9-6242-4161-867f-33fc122993e3', 'lwasbrought', 'Lilli', 'Wasbrough',
        'lwasbrought@yellowpages.com', 'SUPER', 'EJK1iqL', 0, '2022-10-07 14:34:13',
        '2022-10-07 07:40:17'),
       ('8d10194c-6c38-4975-9368-c0f6497dcefd', 'bshortou', 'Bessy', 'Shorto',
        'bshortou@photobucket.com', 'AGENCY', 'QFx7uyKZ', 0, '2022-01-08 20:52:05',
        '2022-06-19 00:39:51'),
       ('ee88be00-4762-47b7-ae30-351398e759f1', 'jcartmailv', 'Joachim', 'Cartmail',
        'jcartmailv@samsung.com', 'SUPER', 'L9LQmDHmu', 0, '2022-09-09 11:21:03',
        '2021-12-08 07:03:20'),
       ('951f933d-e54a-4091-8f15-f62b9f0fa9bb', 'eoretw', 'Elysha', 'Oret', 'eoretw@oakley.com',
        'SUPER', 'x7kgiXO', 0, '2022-01-26 21:30:47', '2022-03-17 06:30:30'),
       ('cad5b4c1-fc3d-48c4-a6ad-79d00beb1c15', 'lswateridgex', 'Lorrie', 'Swateridge',
        'lswateridgex@unicef.org', 'TENANT', 'M6RTnQru', 0, '2022-04-02 17:14:42',
        '2022-03-04 12:05:48'),
       ('647b9fa5-a50b-438a-9a8a-2008e25e718c', 'acaldaroy', 'Angelia', 'Caldaro',
        'acaldaroy@gnu.org', 'SUPER', 'FXwcfP', 0, '2022-04-07 19:05:48', '2022-03-24 07:27:59'),
       ('b4b6c19d-2733-40eb-be5e-a16280be58bc', 'sguiettz', 'Sully', 'Guiett',
        'sguiettz@delicious.com', 'AGENCY', '19rgbYsRLE', 0, '2022-05-02 07:42:24',
        '2021-12-12 17:17:29'),
       ('e0d9e48f-a377-4863-a5c9-9b0c81af5a3f', 'tpray10', 'Tiphany', 'Pray',
        'tpray10@chronoengine.com', 'SUPER', 'jWUJZ2bmH8PW', 0, '2022-05-09 21:40:42',
        '2022-11-10 06:04:30'),
       ('3fac8a86-6720-4fdc-ad3e-324222b27a8c', 'efrancescuccio11', 'Eldridge', 'Francescuccio',
        'efrancescuccio11@economist.com', 'SUPER', 'ItdmqEfh', 0, '2022-01-09 23:34:17',
        '2022-03-16 17:45:13'),
       ('2ff0623e-32d9-49b5-820d-443e9e57e680', 'ekrysztowczyk12', 'Egbert', 'Krysztowczyk',
        'ekrysztowczyk12@omniture.com', 'AGENCY', 'rcXKJn0SmC', 0, '2021-12-28 08:30:35',
        '2022-05-26 04:32:02'),
       ('d498e192-c393-4162-ab1d-da6564747d9d', 'jbernardoni13', 'Jarib', 'Bernardoni',
        'jbernardoni13@artisteer.com', 'SUPER', 'dxENKq', 0, '2022-02-15 01:47:49',
        '2021-12-14 13:35:54'),
       ('d8bda876-d9b5-46d0-88f5-4264d6095595', 'rwynter14', 'Roi', 'Wynter',
        'rwynter14@disqus.com', 'AGENCY', 's0vGpl', 0, '2022-03-10 13:42:12',
        '2021-11-30 16:57:01'),
       ('98dc41bc-42db-4c04-aa8b-fec174ff412a', 'lomalley15', 'Lemmie', 'O''Malley',
        'lomalley15@digg.com', 'SUPER', '0R7rUc', 0, '2022-06-04 11:38:21', '2022-11-08 14:20:18'),
       ('90d1e6a7-7171-4145-b1e4-61e70fbea5dd', 'dbeat16', 'Deina', 'Beat', 'dbeat16@berkeley.edu',
        'TENANT', '1yZ46Z0KacK', 0, '2022-06-13 14:01:45', '2022-05-08 20:10:19'),
       ('7332e31c-f6fe-4ef4-a456-545949f223b5', 'ltrusler17', 'Lilla', 'Trusler',
        'ltrusler17@unc.edu', 'SUPER', '9ccHrPk', 0, '2022-03-15 11:47:46', '2022-10-16 16:41:00'),
       ('3f5fc28e-f3ff-4ac2-a7d4-afd548d7d903', 'jscemp18', 'Jeanna', 'Scemp',
        'jscemp18@altervista.org', 'SUPER', 'CdfjQolA', 0, '2022-01-15 19:46:28',
        '2022-07-07 19:54:05'),
       ('ed927ee8-4b0d-4e28-8ad2-3e68d1990e5f', 'epughsley19', 'Evita', 'Pughsley',
        'epughsley19@miitbeian.gov.cn', 'SUPER', 'aOihct4la', 0, '2022-09-01 02:17:09',
        '2022-04-03 06:32:02'),
       ('85c8cab9-fd43-41a1-9c69-dfd8b4a26dea', 'lway1a', 'Linzy', 'Way', 'lway1a@yahoo.co.jp',
        'SUPER', 'OjzfrJ', 0, '2022-10-17 10:59:38', '2021-12-07 01:59:44'),
       ('b4fd870e-95cb-4b5c-9d24-99757d220a72', 'sedghinn1b', 'Sheff', 'Edghinn',
        'sedghinn1b@examiner.com', 'SUPER', 'Lw98Wy', 0, '2021-12-23 00:54:41',
        '2022-04-29 02:55:30'),
       ('1cc0fece-d83e-4729-aa2e-99217757a35b', 'pklimpt1c', 'Polly', 'Klimpt', 'pklimpt1c@ca.gov',
        'TENANT', 'rv4xdc1S5z', 0, '2022-02-20 09:19:25', '2022-02-01 16:43:10'),
       ('d988b4ef-7c23-4ba8-a4e1-c182580e3ed5', 'mcarryer1d', 'Mattie', 'Carryer',
        'mcarryer1d@purevolume.com', 'TENANT', '9J08pmg', 0, '2022-03-15 03:12:00',
        '2022-06-18 06:33:52'),
       ('595ce81f-3449-45da-8740-6578f2a0f4d4', 'struckell1e', 'Somerset', 'Truckell',
        'struckell1e@prweb.com', 'SUPER', 'RN10adqNrk', 0, '2022-08-02 08:55:02',
        '2022-08-14 01:15:02'),
       ('b297d37d-e281-4188-b74b-db36bb71c34e', 'rrobertucci1f', 'Rhodie', 'Robertucci',
        'rrobertucci1f@wordpress.com', 'AGENCY', 'jCCa5FT', 0, '2022-09-01 03:56:22',
        '2021-12-06 10:02:26'),
       ('1f6e4bec-2929-4cbc-9073-e4a9757683d4', 'cbriant1g', 'Cookie', 'Briant',
        'cbriant1g@cnbc.com', 'SUPER', '8FbOcxB', 0, '2022-08-01 16:41:09', '2022-06-19 03:06:29'),
       ('b035e920-45ff-4c7b-b717-e5bfcb23f653', 'lupshall1h', 'Lethia', 'Upshall',
        'lupshall1h@privacy.gov.au', 'SUPER', 'tsxc5T9DSNQ7', 0, '2022-05-12 04:47:16',
        '2022-01-06 13:20:28'),
       ('6c6c83f8-f7fb-4289-8f9c-0f2b4f5c0a7d', 'gkinrade1i', 'Gerhardine', 'Kinrade',
        'gkinrade1i@squidoo.com', 'SUPER', 'AdZibIDqoP', 0, '2021-12-07 18:48:01',
        '2022-03-07 15:20:26'),
       ('5606179b-77e7-4056-aedc-68ddc769890c', 'bmachin1j', 'Barn', 'Machin',
        'bmachin1j@senate.gov', 'AGENCY', 'tKl4CM2', 0, '2022-10-15 23:07:44',
        '2022-01-29 12:57:38'),
       ('1d8114f4-f45b-4ea9-a6c8-966b5ace3f46', 'sneasam1k', 'Shayna', 'Neasam',
        'sneasam1k@archive.org', 'TENANT', 'KmgvzYjdtF', 0, '2022-09-25 17:50:21',
        '2022-04-19 07:51:16'),
       ('55c3d431-dbb4-4511-b76c-74bc33e7d9fd', 'bmusk1l', 'Bunny', 'Musk', 'bmusk1l@biglobe.ne.jp',
        'AGENCY', 'JRhOFCuOulG', 0, '2022-10-25 17:16:11', '2022-09-24 06:11:51'),
       ('d198cfcd-921d-4f2f-8954-e7ba91425c87', 'wbecraft1m', 'Wolfgang', 'Becraft',
        'wbecraft1m@amazonaws.com', 'AGENCY', 'BOt7fRHiP', 0, '2022-05-22 06:57:26',
        '2021-12-04 16:38:56'),
       ('dc18fabe-c0bf-442a-ae35-a870cd88bb00', 'averonique1n', 'Andonis', 'Veronique',
        'averonique1n@omniture.com', 'SUPER', 'QPzwe7O5T1', 0, '2022-05-12 04:03:20',
        '2022-01-12 21:14:33'),
       ('b5de71d6-e6b9-4fdb-a338-52685d5fd052', 'mboddie1o', 'Merline', 'Boddie',
        'mboddie1o@ovh.net', 'AGENCY', 'iYOzi8vnox', 0, '2022-03-04 09:47:37',
        '2021-12-08 21:01:38'),
       ('a13a9abc-b985-4d9d-970a-18c954759dae', 'ceyckelbeck1p', 'Cleo', 'Eyckelbeck',
        'ceyckelbeck1p@home.pl', 'TENANT', '3jTQrqgc7x', 0, '2022-10-31 01:48:19',
        '2022-07-08 05:42:46'),
       ('a63051b4-dd05-4635-8734-62c612c21739', 'gcrispe1q', 'Germayne', 'Crispe',
        'gcrispe1q@over-blog.com', 'TENANT', '1v1A92BRUW', 0, '2022-02-03 00:59:07',
        '2022-07-29 00:22:30'),
       ('8ba046eb-bc58-4f73-90c4-dcfeace52edf', 'pgamlyn1r', 'Pete', 'Gamlyn',
        'pgamlyn1r@amazon.co.uk', 'TENANT', '5FA9Ih1Mk', 0, '2022-07-23 10:25:29',
        '2022-03-21 09:02:52'),
       ('7a091005-fab4-46ad-a556-8eddbbb6da20', 'bbell1s', 'Bendix', 'Bell',
        'bbell1s@blinklist.com', 'TENANT', 'bkIVOtDm', 0, '2022-09-05 20:53:45',
        '2022-06-25 14:22:42'),
       ('56b2dae4-5aed-467b-be3c-b3c1a5666b0e', 'lsurcombe1t', 'Lauraine', 'Surcombe',
        'lsurcombe1t@deliciousdays.com', 'SUPER', 'ojpeKIQP', 0, '2022-08-07 09:53:38',
        '2022-08-06 19:34:51'),
       ('5ef61b7f-9e06-495d-bf95-37c4391e50e6', 'oangood1u', 'Ogden', 'Angood', 'oangood1u@cnn.com',
        'TENANT', 'yqOd36', 0, '2022-06-17 03:24:43', '2022-07-29 00:51:36'),
       ('8e465f82-5c0f-483a-b500-b3b2074dd001', 'mtarpey1v', 'Merle', 'Tarpey',
        'mtarpey1v@zimbio.com', 'SUPER', 'DVEODtx5EcB', 0, '2022-08-11 23:58:46',
        '2022-03-28 17:39:46'),
       ('b2da7ebf-058b-4280-a3ee-5d797a7ccce2', 'orojahn1w', 'Odella', 'Rojahn',
        'orojahn1w@census.gov', 'AGENCY', '2c8efuGKSU', 0, '2022-11-23 19:04:48',
        '2022-10-28 00:02:59'),
       ('57dfd011-56d5-4b34-98f4-2288a64f95ce', 'lgoggin1x', 'Lusa', 'Goggin',
        'lgoggin1x@nifty.com', 'TENANT', '1e7EFoYq', 0, '2022-01-11 23:20:28',
        '2022-06-02 08:52:47'),
       ('a5729dc1-9ad5-498a-a1b7-47650fa89b8e', 'rhaverson1y', 'Robb', 'Haverson',
        'rhaverson1y@upenn.edu', 'SUPER', '3nceQflghD7', 0, '2022-04-28 22:04:20',
        '2022-08-26 05:00:10'),
       ('53dde74b-fba4-414d-a140-a7634418dcf2', 'baguirre1z', 'Brigham', 'Aguirre',
        'baguirre1z@cpanel.net', 'SUPER', 'Mc4ACcSoYw', 0, '2022-08-21 11:50:43',
        '2022-03-25 09:16:53'),
       ('16600ee7-2aef-469f-901e-87f1b202fe09', 'mtreadwell20', 'Mariellen', 'Treadwell',
        'mtreadwell20@loc.gov', 'TENANT', '5atHTy', 0, '2022-03-22 13:54:31',
        '2022-10-02 02:24:24'),
       ('87073685-c4cf-4f91-a77f-938028af2c3d', 'lstowers21', 'Lennie', 'Stowers',
        'lstowers21@purevolume.com', 'TENANT', 't6SacEcaxqM', 0, '2022-10-09 17:32:56',
        '2022-04-21 19:25:53'),
       ('7b43fa6b-176f-4cd0-be80-45adc03b0817', 'idunford22', 'Isa', 'Dunford',
        'idunford22@soundcloud.com', 'AGENCY', 'dA2uKb', 0, '2022-05-29 19:56:16',
        '2022-07-29 01:10:43'),
       ('bc062e2c-174c-474f-8725-c0a6c9478c7d', 'ckaasmann23', 'Carissa', 'Kaasmann',
        'ckaasmann23@geocities.com', 'TENANT', 'em73jyUTA', 0, '2022-03-18 13:43:38',
        '2021-12-08 05:16:23'),
       ('6c034bd4-1039-440e-8bfa-1860647247ce', 'jheineke24', 'James', 'Heineke',
        'jheineke24@example.com', 'SUPER', '0H7CL3q', 0, '2022-04-18 10:14:21',
        '2022-08-21 04:03:05'),
       ('96627f23-1586-47eb-8b99-32191d5c13fa', 'cpattillo25', 'Casi', 'Pattillo',
        'cpattillo25@taobao.com', 'TENANT', 'mAI2kVvVMY', 0, '2022-02-16 00:20:54',
        '2022-04-18 09:35:43'),
       ('13885432-21d8-4d4a-8c02-312d159ed635', 'lballs26', 'Lucky', 'Balls', 'lballs26@nasa.gov',
        'SUPER', 'azDK7zuzMW', 0, '2022-02-12 15:17:31', '2022-02-20 23:26:52'),
       ('96fc748c-aeb3-45db-a50d-114c07feacce', 'lbroinlich27', 'Lexy', 'Broinlich',
        'lbroinlich27@gizmodo.com', 'TENANT', 'Ol3TeBY', 0, '2021-12-04 11:14:38',
        '2022-04-21 10:55:04'),
       ('5867fbb6-e0e8-4503-aeeb-df3e51ec4577', 'kchewter28', 'Kary', 'Chewter',
        'kchewter28@netlog.com', 'TENANT', 'F7DpCDaIqtWo', 0, '2022-03-27 01:30:55',
        '2022-01-09 22:08:47'),
       ('f635e82c-4b77-452b-989b-a8c01553f789', 'gblindmann29', 'Guinna', 'Blindmann',
        'gblindmann29@vkontakte.ru', 'TENANT', 'ZMDwoXX1cLz', 0, '2021-12-01 13:11:25',
        '2022-10-19 12:30:33'),
       ('ffd5244d-29c6-4b6f-9e07-fe6a158fb376', 'fnowell2a', 'Frederich', 'Nowell',
        'fnowell2a@icq.com', 'TENANT', 'hYqrgS', 0, '2021-12-06 02:56:10', '2021-12-06 05:14:06'),
       ('8b549d79-28c4-400f-b28d-f64868627cdd', 'trodgman2b', 'Thaddus', 'Rodgman',
        'trodgman2b@plala.or.jp', 'SUPER', 'kGA7nnhyDxjp', 0, '2022-02-05 07:03:49',
        '2022-01-18 07:51:48'),
       ('e15e4dff-7a0d-49c6-9c13-11c39ee35053', 'rmacdavitt2c', 'Raoul', 'MacDavitt',
        'rmacdavitt2c@sohu.com', 'SUPER', 'PJOI71', 0, '2022-08-22 11:42:56',
        '2022-05-28 00:53:45'),
       ('7e092a92-35ae-4ab8-9de6-aeeae4cda702', 'saim2d', 'Saunderson', 'Aim',
        'saim2d@seattletimes.com', 'SUPER', '0upvw62neeD', 0, '2022-10-10 20:59:24',
        '2022-05-03 21:39:26'),
       ('a2b914b0-3722-4e04-acf6-86846f785e37', 'jvlasin2e', 'Jasper', 'Vlasin',
        'jvlasin2e@mediafire.com', 'TENANT', 'CbXlg83rep', 0, '2022-02-07 07:32:17',
        '2022-01-02 03:51:30'),
       ('11103f67-b16b-42f7-b1c8-99061fcbba16', 'bbaudic2f', 'Berri', 'Baudic',
        'bbaudic2f@java.com', 'TENANT', 'KgFK3mBDw2F', 0, '2022-11-12 18:43:37',
        '2022-04-02 19:19:08'),
       ('ff46488b-ac2a-4042-8752-e0f6dc722b84', 'ppithcock2g', 'Pammy', 'Pithcock',
        'ppithcock2g@umich.edu', 'SUPER', 'F8znYd', 0, '2022-01-24 17:40:39',
        '2022-06-19 01:35:13'),
       ('54bf976b-67ed-4a2a-a4b1-a0f30711ab09', 'jdelaharpe2h', 'Jess', 'De la Harpe',
        'jdelaharpe2h@imgur.com', 'AGENCY', 'fat6Xw', 0, '2022-07-01 15:43:53',
        '2021-12-17 02:54:52'),
       ('3d26cbfd-662e-4a45-be36-770e3acd007e', 'dhuckle2i', 'Darnell', 'Huckle',
        'dhuckle2i@slideshare.net', 'TENANT', 'BAKVcz3kUG', 0, '2021-12-10 11:59:02',
        '2022-06-21 19:03:17'),
       ('2d67737f-35b2-46f8-b938-aa674bcb862a', 'dleyzell2j', 'Denny', 'Leyzell',
        'dleyzell2j@ucsd.edu', 'TENANT', 'CVugh1SB8W', 0, '2022-08-23 12:55:25',
        '2022-04-19 01:25:40'),
       ('1e82f788-d6ad-4ab7-ab1d-afd3119ea9ad', 'dturner2k', 'Domenico', 'Turner',
        'dturner2k@accuweather.com', 'SUPER', 'PvhEk1oL8IL', 0, '2022-10-14 13:06:44',
        '2022-07-13 12:53:42'),
       ('1d6072cf-ed88-4ec4-b4e6-0401d98dabfc', 'istollenwerck2l', 'Isadore', 'Stollenwerck',
        'istollenwerck2l@fc2.com', 'SUPER', 'ftUD0Tw5RkRr', 0, '2022-10-06 10:25:46',
        '2021-12-28 15:14:14'),
       ('a7d9548b-ce8b-4643-9f9e-5c6d8a28164d', 'ebenzi2m', 'Eberhard', 'Benzi',
        'ebenzi2m@github.com', 'SUPER', 'Tl0TI8P', 0, '2022-09-24 11:07:14', '2022-02-04 18:10:10'),
       ('ef53c589-3367-45f9-88da-de6d3a6e15ff', 'dbeverage2n', 'Ddene', 'Beverage',
        'dbeverage2n@biglobe.ne.jp', 'TENANT', 'TuoxX5f', 0, '2022-07-18 12:38:24',
        '2022-06-14 00:31:31'),
       ('e60d9f21-ef03-4eeb-a2c6-8b0dce4e1d50', 'owithrington2o', 'Odelinda', 'Withrington',
        'owithrington2o@ed.gov', 'SUPER', 'LcIyZfV0P7', 0, '2022-11-24 11:26:32',
        '2022-06-18 20:51:36'),
       ('6b142b90-57a9-4872-a324-87dd2226039a', 'gmarston2p', 'Glynis', 'Marston',
        'gmarston2p@yolasite.com', 'TENANT', 'AMXHV9gVmpaw', 0, '2022-01-21 20:03:57',
        '2022-09-22 18:13:28'),
       ('e8097387-13ae-4042-a949-afb09f8351d1', 'kcoffelt2q', 'Koren', 'Coffelt',
        'kcoffelt2q@opensource.org', 'SUPER', 'p8HI0E73z', 0, '2022-10-14 02:34:36',
        '2022-07-01 01:40:50'),
       ('7f987f11-255a-4455-b24a-e3766d6c3696', 'mdoctor2r', 'Mike', 'Doctor',
        'mdoctor2r@bizjournals.com', 'TENANT', 'tu6LtD02vd0M', 0, '2022-01-17 22:54:12',
        '2022-01-20 21:10:33');

INSERT INTO admin_agency (`id`, `admin_id`, `agency_id`, `create_date`, `update_date`)
VALUES (1, 'd42c2e5e-143c-4db1-a90f-7cccf82fbb15', 1, '2022-05-16 21:25:20', '2022-01-26 21:31:21'),
       (2, '7f987f11-255a-4455-b24a-e3766d6c3696', 2, '2022-01-14 06:50:43', '2022-11-22 02:24:46'),
       (3, '96fc748c-aeb3-45db-a50d-114c07feacce', 3, '2022-05-01 21:42:36', '2022-01-03 06:30:35'),
       (4, 'e0d9e48f-a377-4863-a5c9-9b0c81af5a3f', 4, '2022-09-05 13:43:01', '2022-03-24 13:35:05'),
       (5, 'b5de71d6-e6b9-4fdb-a338-52685d5fd052', 5, '2022-07-11 21:47:05', '2022-04-27 02:29:45'),
       (6, '84cb8696-992e-498f-97da-f7e31a65a442', 6, '2022-01-15 20:38:34', '2022-08-29 05:11:15'),
       (7, '1f6e4bec-2929-4cbc-9073-e4a9757683d4', 7, '2022-08-16 15:58:22', '2022-05-02 11:14:20'),
       (8, 'a86ab999-262f-4061-9512-033940ce8e17', 8, '2022-03-10 19:09:42', '2022-04-24 05:11:02'),
       (9, '3d26cbfd-662e-4a45-be36-770e3acd007e', 9, '2022-03-18 05:53:53', '2022-09-26 05:10:32'),
       (10, '5e835ff6-4729-4dc9-aa80-ee72e57c1771', 10, '2022-04-17 03:16:54',
        '2022-02-01 21:42:49'),
       (11, 'ed927ee8-4b0d-4e28-8ad2-3e68d1990e5f', 11, '2022-09-01 04:15:30',
        '2022-03-19 08:17:27'),
       (12, 'b2da7ebf-058b-4280-a3ee-5d797a7ccce2', 12, '2022-07-28 22:47:56',
        '2021-12-21 18:13:48'),
       (13, 'b035e920-45ff-4c7b-b717-e5bfcb23f653', 13, '2022-04-21 19:19:19',
        '2022-01-23 17:44:52'),
       (14, '64edee24-ef71-4f16-8347-5f521e7c2807', 14, '2021-12-29 01:30:07',
        '2022-03-25 05:02:19'),
       (15, '595ce81f-3449-45da-8740-6578f2a0f4d4', 15, '2022-01-09 02:10:17',
        '2022-10-30 11:18:02'),
       (16, '96627f23-1586-47eb-8b99-32191d5c13fa', 16, '2021-12-02 23:35:07',
        '2022-07-13 15:19:35'),
       (17, '7ad454de-cf29-4557-b8b3-1bf986524de2', 17, '2022-05-13 08:21:46',
        '2022-10-03 14:14:20'),
       (18, '3f5fc28e-f3ff-4ac2-a7d4-afd548d7d903', 18, '2022-10-19 15:12:51',
        '2022-08-12 05:29:28'),
       (19, '6c6c83f8-f7fb-4289-8f9c-0f2b4f5c0a7d', 19, '2022-01-22 13:53:58',
        '2022-02-28 11:20:32'),
       (20, 'a5729dc1-9ad5-498a-a1b7-47650fa89b8e', 20, '2022-01-25 12:27:17',
        '2022-07-11 10:44:37'),
       (21, '3fac8a86-6720-4fdc-ad3e-324222b27a8c', 21, '2022-02-16 09:27:10',
        '2022-10-11 13:59:24'),
       (22, 'bc062e2c-174c-474f-8725-c0a6c9478c7d', 22, '2022-10-01 20:06:33',
        '2022-05-23 16:38:37'),
       (23, 'f635e82c-4b77-452b-989b-a8c01553f789', 23, '2022-07-17 12:27:07',
        '2022-11-10 17:08:47'),
       (24, '87073685-c4cf-4f91-a77f-938028af2c3d', 24, '2022-03-20 06:52:17',
        '2022-08-28 01:51:55'),
       (25, '98dc41bc-42db-4c04-aa8b-fec174ff412a', 25, '2022-04-08 10:38:43',
        '2022-07-02 12:27:57'),
       (26, 'e8097387-13ae-4042-a949-afb09f8351d1', 26, '2022-03-22 02:16:30',
        '2021-12-24 00:10:22'),
       (27, '2b5e3a9f-ff69-4901-b4b9-7b99713a99b2', 27, '2022-03-12 19:23:08',
        '2022-02-27 04:46:49'),
       (28, '7e092a92-35ae-4ab8-9de6-aeeae4cda702', 28, '2022-10-03 22:56:39',
        '2022-08-02 19:15:53'),
       (29, '5ef61b7f-9e06-495d-bf95-37c4391e50e6', 29, '2021-12-03 01:07:38',
        '2022-03-27 17:38:30'),
       (30, 'a67cebb4-c246-4ad7-8f2c-4318c973a300', 30, '2022-01-06 20:02:05',
        '2022-05-25 14:52:13'),
       (31, '647b9fa5-a50b-438a-9a8a-2008e25e718c', 31, '2022-01-23 02:09:57',
        '2022-10-15 20:11:47'),
       (32, 'ef53c589-3367-45f9-88da-de6d3a6e15ff', 32, '2022-07-08 22:41:08',
        '2022-05-07 19:58:40'),
       (33, '1cb9dc15-b817-441e-8070-64d770681acd', 33, '2021-12-10 06:03:49',
        '2022-04-11 00:09:52'),
       (34, 'bbe47746-0379-4fa3-94f5-041c62a5c7b7', 34, '2022-07-11 23:41:53',
        '2022-01-28 06:55:33'),
       (35, '5867fbb6-e0e8-4503-aeeb-df3e51ec4577', 35, '2022-02-10 11:23:46',
        '2021-12-15 09:52:27'),
       (36, 'ff46488b-ac2a-4042-8752-e0f6dc722b84', 36, '2022-09-09 16:40:19',
        '2021-12-31 19:19:49'),
       (37, 'e60d9f21-ef03-4eeb-a2c6-8b0dce4e1d50', 37, '2022-11-12 18:03:06',
        '2022-02-12 06:23:41'),
       (38, '7e7d8af8-2b45-48a3-8bdb-359d082d557d', 38, '2022-07-01 07:41:21',
        '2022-07-13 11:01:47'),
       (39, '57dfd011-56d5-4b34-98f4-2288a64f95ce', 39, '2022-07-20 18:07:51',
        '2022-07-02 03:52:02'),
       (40, '6b142b90-57a9-4872-a324-87dd2226039a', 40, '2022-06-26 03:56:21',
        '2022-08-31 11:35:02'),
       (41, '7332e31c-f6fe-4ef4-a456-545949f223b5', 41, '2022-04-04 17:53:31',
        '2022-06-26 02:12:44'),
       (42, 'b3727243-bcd6-4376-bddd-c4cabb9a907b', 42, '2022-06-08 17:51:15',
        '2022-05-07 15:59:07'),
       (43, '53dde74b-fba4-414d-a140-a7634418dcf2', 43, '2022-10-24 18:32:28',
        '2022-01-31 00:56:52'),
       (44, 'e15e4dff-7a0d-49c6-9c13-11c39ee35053', 44, '2022-11-21 19:55:57',
        '2022-06-22 02:15:17'),
       (45, '7a091005-fab4-46ad-a556-8eddbbb6da20', 45, '2022-06-19 10:00:44',
        '2022-09-20 22:00:56'),
       (46, '4cf7febb-8849-460f-8daf-d9fa83098ba9', 46, '2021-12-01 10:06:24',
        '2022-11-19 05:38:08'),
       (47, '8170f72a-40ef-4a14-bf3a-ad52a6ce20d0', 47, '2022-06-12 22:57:13',
        '2022-01-21 03:56:24'),
       (48, '10792d02-8e8b-4cb2-98d6-338effab48b3', 48, '2021-12-01 16:22:45',
        '2022-01-02 17:13:32'),
       (49, 'd988b4ef-7c23-4ba8-a4e1-c182580e3ed5', 49, '2022-10-10 14:18:48',
        '2022-05-29 10:07:08'),
       (50, 'bb9aed91-a06a-4f99-a56c-a3f0524e6281', 50, '2022-10-06 22:29:40',
        '2022-02-12 22:38:44'),
       (51, 'a13a9abc-b985-4d9d-970a-18c954759dae', 51, '2022-03-12 15:17:09',
        '2022-05-23 13:24:26'),
       (52, '1cc0fece-d83e-4729-aa2e-99217757a35b', 52, '2022-03-10 00:20:42',
        '2022-08-24 13:26:05'),
       (53, '3463b29a-b882-4140-b260-58c4325561ce', 53, '2022-04-03 21:03:41',
        '2022-01-29 11:20:54'),
       (54, '2ff0623e-32d9-49b5-820d-443e9e57e680', 54, '2022-02-10 17:14:59',
        '2022-09-24 01:30:27'),
       (55, '9fb9dd39-0990-4516-a847-13f713493722', 55, '2022-08-17 13:10:23',
        '2022-01-27 19:40:30'),
       (56, '56b2dae4-5aed-467b-be3c-b3c1a5666b0e', 56, '2022-05-29 12:15:47',
        '2022-08-07 21:55:13'),
       (57, '11103f67-b16b-42f7-b1c8-99061fcbba16', 57, '2022-03-15 18:28:50',
        '2022-11-21 21:58:34'),
       (58, '4672410f-3533-4a79-94ae-e2056705e702', 58, '2022-04-04 02:43:08',
        '2022-04-14 12:36:56'),
       (59, '6c034bd4-1039-440e-8bfa-1860647247ce', 59, '2022-09-19 13:31:29',
        '2022-10-15 19:24:22'),
       (60, '1d6072cf-ed88-4ec4-b4e6-0401d98dabfc', 60, '2022-05-08 23:47:20',
        '2021-12-24 03:35:27'),
       (61, 'faaf0cc8-54b6-4c94-9f8e-454217596180', 61, '2022-07-02 08:26:53',
        '2022-01-27 09:29:25'),
       (62, '951f933d-e54a-4091-8f15-f62b9f0fa9bb', 62, '2022-08-04 02:10:26',
        '2021-12-26 00:58:20'),
       (63, 'd198cfcd-921d-4f2f-8954-e7ba91425c87', 63, '2022-05-20 00:35:02',
        '2021-12-18 10:36:39'),
       (64, 'a7d9548b-ce8b-4643-9f9e-5c6d8a28164d', 64, '2022-05-15 18:00:45',
        '2022-01-07 05:41:43'),
       (65, 'aa3be4a9-6242-4161-867f-33fc122993e3', 65, '2022-08-16 13:53:04',
        '2021-12-05 09:40:18'),
       (66, '8d10194c-6c38-4975-9368-c0f6497dcefd', 66, '2022-03-30 11:44:05',
        '2022-01-28 01:17:03'),
       (67, '6584f4a9-a7f0-42f0-b929-ab5c99c0802d', 67, '2022-01-03 05:11:10',
        '2022-05-30 22:56:58'),
       (68, '5606179b-77e7-4056-aedc-68ddc769890c', 68, '2022-03-21 12:21:03',
        '2022-05-01 02:25:05'),
       (69, 'bdaabcf1-49da-4f68-bc6b-60ec5054820a', 69, '2022-06-19 18:29:09',
        '2022-01-06 00:53:25'),
       (70, '90d1e6a7-7171-4145-b1e4-61e70fbea5dd', 70, '2022-10-16 03:22:16',
        '2022-09-03 05:05:22'),
       (71, '4f7d7d85-7592-4a9e-8b68-cb319274c1e0', 71, '2022-08-19 19:32:22',
        '2022-01-02 21:48:34'),
       (72, '55c3d431-dbb4-4511-b76c-74bc33e7d9fd', 72, '2022-11-17 10:12:27',
        '2022-07-20 20:59:32'),
       (73, 'ffd5244d-29c6-4b6f-9e07-fe6a158fb376', 73, '2021-12-29 07:05:51',
        '2022-03-16 01:50:15'),
       (74, '1e82f788-d6ad-4ab7-ab1d-afd3119ea9ad', 74, '2022-10-07 16:42:38',
        '2022-08-01 07:39:17'),
       (75, '7b43fa6b-176f-4cd0-be80-45adc03b0817', 75, '2021-12-30 15:12:48',
        '2022-02-06 13:20:06'),
       (76, 'd498e192-c393-4162-ab1d-da6564747d9d', 76, '2022-06-01 00:34:22',
        '2022-10-18 21:35:00'),
       (77, '7b1e15fe-4039-4ce7-a078-05996ff06676', 77, '2022-01-05 02:18:12',
        '2022-08-30 15:07:09'),
       (78, '8ba046eb-bc58-4f73-90c4-dcfeace52edf', 78, '2022-05-20 17:32:34',
        '2022-10-26 15:27:56'),
       (79, '54bf976b-67ed-4a2a-a4b1-a0f30711ab09', 79, '2022-06-07 08:54:08',
        '2022-10-28 04:29:55'),
       (80, '85c8cab9-fd43-41a1-9c69-dfd8b4a26dea', 80, '2022-08-16 12:44:53',
        '2022-02-28 01:32:30'),
       (81, '1d8114f4-f45b-4ea9-a6c8-966b5ace3f46', 81, '2022-04-29 21:18:16',
        '2022-01-17 17:55:54'),
       (82, '1321383d-8f44-40d6-bc24-41bc37d8a20d', 82, '2022-04-01 11:23:48',
        '2021-12-01 15:51:27'),
       (83, 'ee88be00-4762-47b7-ae30-351398e759f1', 83, '2022-11-18 03:18:40',
        '2022-10-27 17:56:59'),
       (84, 'd8bda876-d9b5-46d0-88f5-4264d6095595', 84, '2022-07-08 18:13:34',
        '2022-07-13 01:26:56'),
       (85, '16600ee7-2aef-469f-901e-87f1b202fe09', 85, '2021-12-10 19:40:26',
        '2022-09-09 12:11:05'),
       (86, '6d15b3ff-2394-4d9f-9ea5-e958afe6a65c', 86, '2022-09-26 07:40:03',
        '2022-08-16 04:21:54'),
       (87, '8b549d79-28c4-400f-b28d-f64868627cdd', 87, '2022-02-02 23:47:42',
        '2022-01-22 16:08:42'),
       (88, 'b4b6c19d-2733-40eb-be5e-a16280be58bc', 88, '2022-01-28 20:58:58',
        '2022-02-16 07:00:01'),
       (89, 'b4fd870e-95cb-4b5c-9d24-99757d220a72', 89, '2022-10-13 09:59:56',
        '2022-07-28 11:47:00'),
       (90, '164be67d-4d1b-4d80-bb6b-0ee057a1c59e', 90, '2022-11-10 06:16:33',
        '2021-12-08 01:09:19'),
       (91, 'a2b914b0-3722-4e04-acf6-86846f785e37', 91, '2022-08-11 12:47:25',
        '2022-05-01 12:38:15'),
       (92, '2339d873-8155-4a00-a9be-3707e5f04c09', 92, '2022-02-13 19:25:41',
        '2022-09-16 14:37:59'),
       (93, '2d67737f-35b2-46f8-b938-aa674bcb862a', 93, '2022-04-07 16:31:15',
        '2022-01-24 08:20:43'),
       (94, '13885432-21d8-4d4a-8c02-312d159ed635', 94, '2022-07-21 13:50:22',
        '2021-12-19 03:39:53'),
       (95, 'b297d37d-e281-4188-b74b-db36bb71c34e', 95, '2022-10-06 22:57:56',
        '2022-11-23 05:55:48'),
       (96, 'cad5b4c1-fc3d-48c4-a6ad-79d00beb1c15', 96, '2022-10-04 23:40:05',
        '2022-03-19 23:51:47'),
       (97, '382517bc-7b9d-4c44-8d33-6b8638201c98', 97, '2022-04-02 01:05:33',
        '2022-08-31 03:22:28'),
       (98, '8e465f82-5c0f-483a-b500-b3b2074dd001', 98, '2022-05-20 06:57:30',
        '2022-08-06 14:48:46'),
       (99, 'a63051b4-dd05-4635-8734-62c612c21739', 99, '2022-07-31 20:54:18',
        '2022-08-05 02:28:56'),
       (100, 'b4fd870e-95cb-4b5c-9d24-99757d220a72', 100, '2022-05-13 05:23:09',
        '2022-02-26 01:18:38');