ALTER SEQUENCE sequence_session RESTART WITH 100000;
ALTER SEQUENCE sequence_session_topic RESTART WITH 100000;
ALTER SEQUENCE sequence_consultant_agency RESTART WITH 100000;
INSERT INTO user (`user_id`, `id_old`, `delete_date`, `username`, `email`, `rc_user_id`,
                  `language_formal`, `create_date`, `update_date`)
VALUES ('015d013d-95e7-4e91-85b5-12cdb3d317f3', 0, NULL, 'enc.OBSXEZTPOJWWC3TDMUWWC43LMVZC2NZS',
        '015d013d-95e7-4e91-85b5-12cdb3d317f3@beratungcaritas.de', 'dciScSDa9Qm8vmEBB', 1,
        '2020-10-08 09:05:47', '2020-10-08 09:05:47'),
       ('017cac2a-2086-47eb-9f8e-40547dfa2fd5', NULL, NULL, 'enc.OUZDK5DFON2A....',
        '017cac2a-2086-47eb-9f8e-40547dfa2fd5@beratungcaritas.de', 'jJDD4bEAD8qSA6YLc', 0,
        '2020-10-28 10:44:37', '2020-10-28 10:44:46'),
       ('03651639-7e19-4127-bdad-9c4fd1f64286', NULL, NULL, 'enc.NNZGK5L2MJ2W4ZA.',
        '03651639-7e19-4127-bdad-9c4fd1f64286@beratungcaritas.de', 'tHbBivkiNLoNGzuZQ', 1,
        '2020-10-28 15:02:57', '2020-10-28 15:02:57'),
       ('06c6601f-a5b4-4812-9260-20065390b1f5', NULL, NULL, 'enc.OUZDK5DFON2DGNJVGU2Q....',
        '06c6601f-a5b4-4812-9260-20065390b1f5@beratungcaritas.de', 'sddGb9QWDagmZxuMw', 0,
        '2020-11-05 14:17:34', '2020-11-05 14:18:15'),
       ('07e7a037-d279-4ecf-b6d1-6fb4f7c53229', 0, NULL, 'enc.OBSXEZTPOJWWC3TDMUWWC43LMVZC2MZY',
        '07e7a037-d279-4ecf-b6d1-6fb4f7c53229@beratungcaritas.de', 'jBcwY6YCRrvYPNKiP', 1,
        '2020-10-08 09:05:06', '2020-10-08 09:05:06'),
       ('087f20e2-426d-4d8e-a97e-15724217815a', 0, NULL, 'enc.OBSXEZTPOJWWC3TDMUWWC43LMVZC2NRR',
        '087f20e2-426d-4d8e-a97e-15724217815a@beratungcaritas.de', '2TLuH89GQKxAJYB7o', 1,
        '2020-10-08 09:05:33', '2020-10-08 09:05:34'),
       ('08fbf86d-182c-4bbc-9646-d3707292aeee', 0, NULL, 'enc.OBSXEZTPOJWWC3TDMUWWC43LMVZC2NY.',
        '08fbf86d-182c-4bbc-9646-d3707292aeee@beratungcaritas.de', 'KpySir7wKDzGLwoo9', 1,
        '2020-10-08 09:04:28', '2020-10-08 09:04:28'),
       ('09cf881e-1f64-498b-bce3-0ca4f939a864', 0, NULL, 'enc.OBSXEZTPOJWWC3TDMUWWC43LMVZC2OBR',
        '09cf881e-1f64-498b-bce3-0ca4f939a864@beratungcaritas.de', '7PruNAXoMGhmdrTe7', 1,
        '2020-10-08 09:05:58', '2020-10-08 09:05:58'),
       ('0b198be7-368a-478a-8c7c-0ea381caeba4', 0, NULL, 'enc.OBSXEZTPOJWWC3TDMUWWC43LMVZC2NJS',
        '0b198be7-368a-478a-8c7c-0ea381caeba4@beratungcaritas.de', 'hmRCA6fFxoQvnjb2M', 1,
        '2020-10-08 09:05:22', '2020-10-08 09:05:23'),
       ('0cc66af0-1ccc-4b1f-a1b6-be0c993a764d', 0, NULL, 'enc.OBSXEZTPOJWWC3TDMUWWC43LMVZC2MJV',
        '0cc66af0-1ccc-4b1f-a1b6-be0c993a764d@beratungcaritas.de', 'i7tSGg8rspBEamg5g', 1,
        '2020-10-08 09:04:37', '2020-10-08 09:04:38'),
       ('12432b57-0b50-4467-af36-ba8ec88ab156', 0, NULL,
        'enc.OBSXEZTPOJWWC3TDMUWWC43LMVZC2MJQGA......',
        '12432b57-0b50-4467-af36-ba8ec88ab156@beratungcaritas.de', 'vf4Dh8Y6wTPwAXyiW', 1,
        '2020-10-08 09:06:22', '2020-10-08 09:06:22'),
       ('149c8359-84e9-4ffe-b8c7-ac5bdba43d38', 0, NULL, 'enc.OBSXEZTPOJWWC3TDMUWWC43LMVZC2NA.',
        '149c8359-84e9-4ffe-b8c7-ac5bdba43d38@beratungcaritas.de', 'ihH8vQcFg672FpqCE', 1,
        '2020-10-08 09:04:24', '2020-10-08 09:04:24'),
       ('15acc30f-e7a8-4ea6-921e-0e2d3a17d546', 0, NULL, 'enc.ONSW42LPOJUXI6JNORSWC3JNMFZWWZLS',
        '15acc30f-e7a8-4ea6-921e-0e2d3a17d546@beratungcaritas.de', 'ovJY72pTfPkHdo5KZ', 1,
        '2020-10-08 09:04:05', '2020-10-08 09:04:05'),
       ('17614453-af19-4a63-81bd-e8557a71206c', 0, NULL, 'enc.OBSXEZTPOJWWC3TDMUWWC43LMVZC2NZY',
        '17614453-af19-4a63-81bd-e8557a71206c@beratungcaritas.de', '9eBgFLc8J2Q3xXT2D', 1,
        '2020-10-08 09:05:55', '2020-10-08 09:05:55'),
       ('1d0a5771-a38d-4e7d-a546-28262f9f4176', 0, NULL, 'enc.OBSXEZTPOJWWC3TDMUWWC43LMVZC2NJW',
        '1d0a5771-a38d-4e7d-a546-28262f9f4176@beratungcaritas.de', 'Cxq7wX8uP4qtPBsPd', 1,
        '2020-10-08 09:05:27', '2020-10-08 09:05:27'),
       ('1da238c6-cd46-4162-80f1-bff74eafe77f', 0, NULL,
        'enc.MFSGI2LDORUW63RNMRSWMYLVNR2C2YLTNNSXE...',
        '1da238c6-cd46-4162-80f1-bff74eafe77f@beratungcaritas.de', 'gu7wewqtYS9cu2vtA', 1,
        '2020-10-08 09:03:45', '2020-10-08 09:03:45'),
       ('1e2af8ce-8605-4b8d-8e56-347edc36682c', 0, NULL, 'enc.OBSXEZTPOJWWC3TDMUWWC43LMVZC2MRW',
        '1e2af8ce-8605-4b8d-8e56-347edc36682c@beratungcaritas.de', 'PKTygbmLHJ7GietwK', 1,
        '2020-10-08 09:04:51', '2020-10-08 09:04:51'),
       ('22737f02-0749-467e-8a51-7c751d20ca05', 0, NULL, 'enc.OBSXEZTPOJWWC3TDMUWWC43LMVZC2NJR',
        '22737f02-0749-467e-8a51-7c751d20ca05@beratungcaritas.de', '2bnSYDWQZAER3MwDX', 1,
        '2020-10-08 09:05:21', '2020-10-08 09:05:21'),
       ('236b97bf-6cd7-434a-83f3-0a0b129dd45a', 0, NULL, 'enc.MFSGI2LDORUW63RNORSWC3JNMFZWWZLS',
        '236b97bf-6cd7-434a-83f3-0a0b129dd45a@beratungcaritas.de', 'Lty7tkK3ZYKAG4uYX', 1,
        '2020-10-08 09:03:47', '2020-10-08 09:03:48'),
       ('242521b6-7fe0-4441-911a-1ea499fb6a68', 0, NULL, 'enc.OBSXEZTPOJWWC3TDMUWWC43LMVZC2NZU',
        '242521b6-7fe0-4441-911a-1ea499fb6a68@beratungcaritas.de', 'jmvWLPLWhoZ5EJBuT', 1,
        '2020-10-08 09:05:50', '2020-10-08 09:05:50'),
       ('24874d74-acfb-4ae4-a853-d01c66cd93aa', 0, NULL, 'enc.OBSXEZTPOJWWC3TDMUWWC43LMVZC2OBU',
        '24874d74-acfb-4ae4-a853-d01c66cd93aa@beratungcaritas.de', 'qw4aTM7Skixn66Mfg', 1,
        '2020-10-08 09:06:02', '2020-10-08 09:06:02'),
       ('26a88903-1ac4-47a1-8fd2-ff8c1beceabc', NULL, NULL, 'enc.NNZGK5L2MJ2W4ZDBONVWK4Q.',
        'test@t.de', 'QQmwzsiHLBTYQvuTi', 1, '2020-11-04 09:37:15', '2020-11-04 09:37:15'),
       ('28cfd242-e4b2-411f-9a3d-3b1a9559d5be', 0, NULL, 'enc.MN2XEZJNMRSWMYLVNR2C2YLTNNSXE...',
        '28cfd242-e4b2-411f-9a3d-3b1a9559d5be@beratungcaritas.de', 'XX6BZZqe2Ff55ja3R', 1,
        '2020-10-08 09:03:56', '2020-10-08 09:03:57'),
       ('2b0b48f9-5ed3-47de-9c85-10ca698c83cf', 0, NULL, 'enc.OBSXEZTPOJWWC3TDMUWWC43LMVZC2MJR',
        '2b0b48f9-5ed3-47de-9c85-10ca698c83cf@beratungcaritas.de', 'p4wavGE4yF9oKYCKT', 1,
        '2020-10-08 09:04:33', '2020-10-08 09:04:33'),
       ('2d6ad34c-86af-49b5-be9a-c89b99e30b92', 0, NULL, 'enc.OBSXEZTPOJWWC3TDMUWWC43LMVZC2MZR',
        '2d6ad34c-86af-49b5-be9a-c89b99e30b92@beratungcaritas.de', '4p2pLrHtkcRTTKNcx', 1,
        '2020-10-08 09:04:58', '2020-10-08 09:04:58'),
       ('34a893e1-a088-4f74-a6cc-f82eafea767e', 0, NULL,
        'enc.OJSWQYLCNFWGS5DBORUW63RNORSWC3JNMFZWWZLS',
        '34a893e1-a088-4f74-a6cc-f82eafea767e@beratungcaritas.de', 'PkkwbkngvbGkkCbad', 1,
        '2020-10-08 09:04:16', '2020-10-08 09:04:17'),
       ('373b5993-69e6-4e77-8a9f-9fbdeac5f7f1', 0, NULL, 'enc.OBSXEZTPOJWWC3TDMUWWC43LMVZC2MJT',
        '373b5993-69e6-4e77-8a9f-9fbdeac5f7f1@beratungcaritas.de', 'aZZa8xkMvBnYkw2SQ', 1,
        '2020-10-08 09:04:35', '2020-10-08 09:04:35'),
       ('3920f1d9-872f-4ebb-adc5-86ab55005c3b', 0, NULL, 'enc.OBSXEZTPOJWWC3TDMUWWC43LMVZC2NZT',
        '3920f1d9-872f-4ebb-adc5-86ab55005c3b@beratungcaritas.de', 'z7QkXG5BfbZNL7FBY', 1,
        '2020-10-08 09:05:48', '2020-10-08 09:05:49'),
       ('392e749b-c5d6-4801-a8b4-f9891a9063a9', 0, NULL, 'enc.OBSXEZTPOJWWC3TDMUWWC43LMVZC2NZV',
        '392e749b-c5d6-4801-a8b4-f9891a9063a9@beratungcaritas.de', 'v7WpzLugyjrP5GpDM', 1,
        '2020-10-08 09:05:51', '2020-10-08 09:05:51'),
       ('3fe6ebad-60dc-42dc-a1e1-319822b3e712', 0, NULL, 'enc.OBSXEZTPOJWWC3TDMUWWC43LMVZC2MRS',
        '3fe6ebad-60dc-42dc-a1e1-319822b3e712@beratungcaritas.de', 'msuPEokxvjJMZPBbc', 1,
        '2020-10-08 09:04:46', '2020-10-08 09:04:46'),
       ('41dafd8f-bea5-45ec-b77b-512a6da2e274', 0, NULL, 'enc.OBSXEZTPOJWWC3TDMUWWC43LMVZC2MRY',
        '41dafd8f-bea5-45ec-b77b-512a6da2e274@beratungcaritas.de', 'w6KGyknB7iqeCaej8', 1,
        '2020-10-08 09:04:54', '2020-10-08 09:04:54'),
       ('461afff4-2bbd-45d4-80aa-64a20b09f9b7', 0, NULL, 'enc.OBSXEZTPOJWWC3TDMUWWC43LMVZC2NJV',
        '461afff4-2bbd-45d4-80aa-64a20b09f9b7@beratungcaritas.de', 'uXJHiKaMrXDwbtTb8', 1,
        '2020-10-08 09:05:26', '2020-10-08 09:05:26'),
       ('47800d19-7974-41b8-ac32-fde0069b2e81', 0, NULL, 'enc.OBSXEZTPOJWWC3TDMUWWC43LMVZC2MJS',
        '47800d19-7974-41b8-ac32-fde0069b2e81@beratungcaritas.de', 'xEBMRp224oSQFBPNH', 1,
        '2020-10-08 09:04:34', '2020-10-08 09:04:34'),
       ('47fd4752-7abf-4205-be29-119978588cc3', 0, NULL, 'enc.OBSXEZTPOJWWC3TDMUWWC43LMVZC2MRU',
        '47fd4752-7abf-4205-be29-119978588cc3@beratungcaritas.de', 'xx9xJ6fDr6RSmaYgm', 1,
        '2020-10-08 09:04:48', '2020-10-08 09:04:49'),
       ('487c4c7d-3021-427f-8969-cc360069ea24', 0, NULL, 'enc.OBSXEZTPOJWWC3TDMUWWC43LMVZC2NI.',
        '487c4c7d-3021-427f-8969-cc360069ea24@beratungcaritas.de', '54Hfv3zWFKseCKCAL', 1,
        '2020-10-08 09:04:25', '2020-10-08 09:04:25'),
       ('497e29c1-63d7-4ee3-9fa3-6c5de0ec1b55', 0, NULL, 'enc.OBSXEZTPOJWWC3TDMUWWC43LMVZC2NJY',
        '497e29c1-63d7-4ee3-9fa3-6c5de0ec1b55@beratungcaritas.de', 'on2WESbRHFkNnC9zW', 1,
        '2020-10-08 09:05:30', '2020-10-08 09:05:30'),
       ('4c71c9f5-f041-40fe-8d19-cd6801efb41c', 0, NULL, 'enc.OBSXEZTPOJWWC3TDMUWWC43LMVZC2NRT',
        '4c71c9f5-f041-40fe-8d19-cd6801efb41c@beratungcaritas.de', '2mzax7mArpmd7D8ix', 1,
        '2020-10-08 09:05:36', '2020-10-08 09:05:36'),
       ('4f0a33f3-3a3d-45d8-90c1-83963fd5727c', 0, NULL, 'enc.OBSXEZTPOJWWC3TDMUWWC43LMVZC2NRZ',
        '4f0a33f3-3a3d-45d8-90c1-83963fd5727c@beratungcaritas.de', 'Zs7BCfEr9yfREMfkg', 1,
        '2020-10-08 09:05:43', '2020-10-08 09:05:44'),
       ('4f39a7d3-8360-4bd4-8808-89986fd3e0f1', 0, NULL, 'enc.OBSXEZTPOJWWC3TDMUWWC43LMVZC2MY.',
        '4f39a7d3-8360-4bd4-8808-89986fd3e0f1@beratungcaritas.de', 'cF42Wu3euRNQJowyP', 1,
        '2020-10-08 09:04:23', '2020-10-08 09:04:23'),
       ('4f8a3ee6-9a40-49a0-81f2-9b2791e7262a', 0, NULL, 'enc.OBSXEZTPOJWWC3TDMUWWC43LMVZC2OJT',
        '4f8a3ee6-9a40-49a0-81f2-9b2791e7262a@beratungcaritas.de', 'SsSXNmpzKASxmEozY', 1,
        '2020-10-08 09:06:13', '2020-10-08 09:06:14'),
       ('52889f42-7866-49d7-bd47-dd744058f6f3', 0, NULL, 'enc.OBSXEZTPOJWWC3TDMUWWC43LMVZC2NJU',
        '52889f42-7866-49d7-bd47-dd744058f6f3@beratungcaritas.de', 'LuYn5ANpRviuG6LEj', 1,
        '2020-10-08 09:05:25', '2020-10-08 09:05:25'),
       ('53367742-751f-4be0-b8f0-20acd2fbb5dc', 0, NULL, 'enc.OBSXEZTPOJWWC3TDMUWWC43LMVZC2MZX',
        '53367742-751f-4be0-b8f0-20acd2fbb5dc@beratungcaritas.de', 'yHAQRyWFpWejCmbBX', 1,
        '2020-10-08 09:05:04', '2020-10-08 09:05:05'),
       ('549c7519-7dab-4e61-b3b0-7ae0475090ab', 0, NULL,
        'enc.MRUXGYLCNFWGS5DZFVSGKZTBOVWHILLBONVWK4Q.',
        '549c7519-7dab-4e61-b3b0-7ae0475090ab@beratungcaritas.de', 'PdPmKGMgRZzStSEZJ', 1,
        '2020-10-08 09:04:06', '2020-10-08 09:04:07'),
       ('552d3f10-1b6d-47ee-aec5-b88fbf988f9e', NULL, NULL, 'enc.NVQXE2LP',
        '552d3f10-1b6d-47ee-aec5-b88fbf988f9e@beratungcaritas.de', NULL, 1, '2020-10-14 06:08:46',
        '2020-10-14 06:08:46'),
       ('5531a46e-131d-42b1-b426-12c3b720af72', 0, NULL, 'enc.OBSXEZTPOJWWC3TDMUWWC43LMVZC2NBW',
        '5531a46e-131d-42b1-b426-12c3b720af72@beratungcaritas.de', 'vm8MRvBKxrktxcv5y', 1,
        '2020-10-08 09:05:15', '2020-10-08 09:05:16'),
       ('56fe99d7-49be-4cee-890b-79a419eb7569', NULL, NULL, 'enc.OUZDKLLBONVWK4RS',
        '56fe99d7-49be-4cee-890b-79a419eb7569@beratungcaritas.de', 'p7gwn89gFkhhaZd7B', 0,
        '2020-10-22 09:35:46', '2020-10-22 09:35:57'),
       ('5ab6ef5d-b0b2-4a8d-96c8-1a9ffa3317c9', 0, NULL, 'enc.OBSXEZTPOJWWC3TDMUWWC43LMVZC2OI.',
        '5ab6ef5d-b0b2-4a8d-96c8-1a9ffa3317c9@beratungcaritas.de', 'za9JnXYG2LcXi2BtL', 1,
        '2020-10-08 09:04:30', '2020-10-08 09:04:31'),
       ('5bb9eb2a-afb9-4b27-aff3-511d7977e24c', 0, NULL, 'enc.OBSXEZTPOJWWC3TDMUWWC43LMVZC2NJZ',
        '5bb9eb2a-afb9-4b27-aff3-511d7977e24c@beratungcaritas.de', 'SohBqa7cMQGjzWgEq', 1,
        '2020-10-08 09:05:31', '2020-10-08 09:05:31'),
       ('6185408c-a63c-40d1-9531-0e28cec04ec0', 0, NULL, 'enc.OBSXEZTPOJWWC3TDMUWWC43LMVZC2NBZ',
        '6185408c-a63c-40d1-9531-0e28cec04ec0@beratungcaritas.de', 'ZWjSDrvCKfgXNGmAd', 1,
        '2020-10-08 09:05:19', '2020-10-08 09:05:19'),
       ('6197172d-2200-4b2c-8abc-74c54dd248a2', 0, NULL, 'enc.OBSXEZTPOJWWC3TDMUWWC43LMVZC2OJQ',
        '6197172d-2200-4b2c-8abc-74c54dd248a2@beratungcaritas.de', 'KB7zpGPEtRfMBDEj5', 1,
        '2020-10-08 09:06:09', '2020-10-08 09:06:10'),
       ('620edd83-2b6d-4185-b4a5-8e976b8f87b2', 0, NULL, 'enc.OBSXEZTPOJWWC3TDMUWWC43LMVZC2NBX',
        '620edd83-2b6d-4185-b4a5-8e976b8f87b2@beratungcaritas.de', 'Rn3cCaXQjp4rW6MbG', 1,
        '2020-10-08 09:05:16', '2020-10-08 09:05:17'),
       ('655a0dd9-c372-4eb7-91db-ff7ade89c1a0', 0, NULL, 'enc.OBSXEZTPOJWWC3TDMUWWC43LMVZC2MJU',
        '655a0dd9-c372-4eb7-91db-ff7ade89c1a0@beratungcaritas.de', 'wQASTETWJqSrd8uSR', 1,
        '2020-10-08 09:04:36', '2020-10-08 09:04:37'),
       ('679b6688-2b2b-43ff-af7a-873d9be81523', 0, NULL, 'enc.OBSXEZTPOJWWC3TDMUWWC43LMVZC2NZQ',
        '679b6688-2b2b-43ff-af7a-873d9be81523@beratungcaritas.de', 'wzG6e9bt93WaqpaNL', 1,
        '2020-10-08 09:05:44', '2020-10-08 09:05:45'),
       ('683435b1-18cb-4ee4-a405-a23b1153ee11', 0, NULL, 'enc.OBSXEZTPOJWWC3TDMUWWC43LMVZC2OJX',
        '683435b1-18cb-4ee4-a405-a23b1153ee11@beratungcaritas.de', 'GvcuHpEXWxQDYpQD6', 1,
        '2020-10-08 09:06:19', '2020-10-08 09:06:19'),
       ('68c87e38-fbf8-45c4-be20-745aecc89d3f', NULL, NULL, 'enc.ORSXG5DUMVZXIMJS',
        '68c87e38-fbf8-45c4-be20-745aecc89d3f@beratungcaritas.de', 'qMaEQMLFf85TFbxsj', 1,
        '2020-10-21 07:59:04', '2020-10-21 07:59:12'),
       ('6977c783-4b6d-415f-a885-4a0741f66498', 0, NULL, 'enc.MNUGS3DEOJSW4LLUMVQW2LLBONVWK4Q.',
        '6977c783-4b6d-415f-a885-4a0741f66498@beratungcaritas.de', 'meBr6Acs3WJFH2yXg', 1,
        '2020-10-08 09:04:19', '2020-10-08 09:04:19'),
       ('6ddc65e1-b78c-4036-af8b-d70190e52ddb', 0, NULL, 'enc.OBSXEZTPOJWWC3TDMUWWC43LMVZC2NZR',
        '6ddc65e1-b78c-4036-af8b-d70190e52ddb@beratungcaritas.de', 'd7n7ySySw9JTFzxuE', 1,
        '2020-10-08 09:05:46', '2020-10-08 09:05:46'),
       ('6fd1c97d-dfe6-45de-8e48-d7a44dad5f85', 0, NULL, 'enc.OBSXEZTPOJWWC3TDMUWWC43LMVZC2NRV',
        '6fd1c97d-dfe6-45de-8e48-d7a44dad5f85@beratungcaritas.de', '3w2gF4cKjgPo3JZmF', 1,
        '2020-10-08 09:05:38', '2020-10-08 09:05:39'),
       ('7197c296-b1d4-4731-9097-147e49883225', NULL, NULL, 'enc.ON2WG2DUNRSXE...', 'test@test.de',
        NULL, 1, '2020-11-04 07:13:15', '2020-11-04 07:13:15'),
       ('729c7fe2-d08a-409f-bbfd-2991e7171c26', 0, NULL, 'enc.MFUWI4ZNMRSWMYLVNR2C2YLTNNSXE...',
        '729c7fe2-d08a-409f-bbfd-2991e7171c26@beratungcaritas.de', 'ndycFrdXqgbPGDa9y', 1,
        '2020-10-08 09:04:15', '2020-10-08 09:04:16'),
       ('72d64de8-f656-4a88-b9f4-c708a452660f', 0, NULL, 'enc.OBSXEZTPOJWWC3TDMUWWC43LMVZC2MJZ',
        '72d64de8-f656-4a88-b9f4-c708a452660f@beratungcaritas.de', 'BgqPz6oxzBfRWoCP5', 1,
        '2020-10-08 09:04:42', '2020-10-08 09:04:43'),
       ('739fa1e1-9ee5-4710-8167-a12057e9f627', 0, NULL, 'enc.OBSXEZTPOJWWC3TDMUWWC43LMVZC2MRX',
        '739fa1e1-9ee5-4710-8167-a12057e9f627@beratungcaritas.de', 'kMKZZSSbQR2RxqbFG', 1,
        '2020-10-08 09:04:53', '2020-10-08 09:04:53'),
       ('780ce9a1-cd81-43c7-9560-0ce843469039', NULL, NULL, 'enc.KRSXG5COOV2HUZLS',
        '780ce9a1-cd81-43c7-9560-0ce843469039@beratungcaritas.de', 'zyhTabCsv3JSQgie9', 0,
        '2020-10-20 11:03:25', '2020-10-20 11:03:43'),
       ('7cf1adae-1b74-42d7-ba7f-25ae4a65c9d4', 0, NULL,
        'enc.N5TGMZLOMRSXELLEMVTGC5LMOQWWC43LMVZA....',
        '7cf1adae-1b74-42d7-ba7f-25ae4a65c9d4@beratungcaritas.de', 'KpycQfsB2KKopdYFn', 1,
        '2020-10-08 09:04:14', '2020-10-08 09:04:14'),
       ('7e87117b-83f5-4651-9649-fca51e038997', NULL, NULL, 'enc.ORSXG5DUMVZXI5DFON2A....',
        '7e87117b-83f5-4651-9649-fca51e038997@beratungcaritas.de', 'xwgv4dArmiDTrfdxn', 0,
        '2020-10-20 11:11:39', '2020-10-20 11:11:49'),
       ('81bea0a7-326b-4554-8196-d0eb93da123c', 0, NULL, 'enc.OBSXEZTPOJWWC3TDMUWWC43LMVZC2NBT',
        '81bea0a7-326b-4554-8196-d0eb93da123c@beratungcaritas.de', 'hwDFbpqzgi4B2Jk4u', 1,
        '2020-10-08 09:05:12', '2020-10-08 09:05:12'),
       ('8352ab20-e76e-4114-915f-6b18cdcd6002', 0, NULL, 'enc.MRSWE5BNMRSWMYLVNR2C2YLTNNSXE...',
        '8352ab20-e76e-4114-915f-6b18cdcd6002@beratungcaritas.de', 'YZyYFFWKENP2gXQmb', 1,
        '2020-10-08 09:03:57', '2020-10-08 09:03:58'),
       ('84edf163-cf96-4d20-a0e6-8d14328bd70d', 0, NULL, 'enc.OBSXEZTPOJWWC3TDMUWWC43LMVZC2NBS',
        '84edf163-cf96-4d20-a0e6-8d14328bd70d@beratungcaritas.de', '2PWKPcicwq4XXrzqv', 1,
        '2020-10-08 09:05:10', '2020-10-08 09:05:11'),
       ('84fffb36-aa48-43ad-ab7f-571f86c1690a', 0, NULL, 'enc.OBSXEZTPOJWWC3TDMUWWC43LMVZC2NZZ',
        '84fffb36-aa48-43ad-ab7f-571f86c1690a@beratungcaritas.de', 'FFAEgAt44jdNHKwZN', 1,
        '2020-10-08 09:05:56', '2020-10-08 09:05:56'),
       ('89166257-d326-4bc7-bfd9-aee1fb2ac37b', 0, NULL, 'enc.OBSXEZTPOJWWC3TDMUWWC43LMVZC2MJW',
        '89166257-d326-4bc7-bfd9-aee1fb2ac37b@beratungcaritas.de', '9k6nk7CvRX8YAtERW', 1,
        '2020-10-08 09:04:39', '2020-10-08 09:04:39'),
       ('892c6250-94ad-4d2d-8b3d-91f41fe37e34', 0, NULL, 'enc.OBSXEZTPOJWWC3TDMUWWC43LMVZC2OJU',
        '892c6250-94ad-4d2d-8b3d-91f41fe37e34@beratungcaritas.de', '75oraWmyFfLWTynvE', 1,
        '2020-10-08 09:06:15', '2020-10-08 09:06:15'),
       ('8a08d08d-f5c4-409f-a597-490678f948c1', 0, NULL, 'enc.OBSXEZTPOJWWC3TDMUWWC43LMVZC2NRQ',
        '8a08d08d-f5c4-409f-a597-490678f948c1@beratungcaritas.de', '3GmAfTj6Kne3No7w2', 1,
        '2020-10-08 09:05:32', '2020-10-08 09:05:32'),
       ('8aa757e8-5ca4-4e22-b36a-105d0d4c2b6d', 0, NULL, 'enc.OBSXEZTPOJWWC3TDMUWWC43LMVZC2OBT',
        '8aa757e8-5ca4-4e22-b36a-105d0d4c2b6d@beratungcaritas.de', 'CsrNvrjcKr3pRdttp', 1,
        '2020-10-08 09:06:00', '2020-10-08 09:06:01'),
       ('8b7312d6-910f-4d35-9d35-a9b09c9fde3a', 0, NULL,
        'enc.OBZGKZ3OMFXGG6JNMRSWMYLVNR2C2YLTNNSXE...',
        '8b7312d6-910f-4d35-9d35-a9b09c9fde3a@beratungcaritas.de', 'rj7ArcoDZ7rca9H2M', 0,
        '2020-10-08 09:03:51', '2020-10-08 09:03:51'),
       ('8df2f0d8-281b-419c-9a59-8447b9cb6715', 0, NULL, 'enc.OBSXEZTPOJWWC3TDMUWWC43LMVZC2MZW',
        '8df2f0d8-281b-419c-9a59-8447b9cb6715@beratungcaritas.de', 'kb3kvJWMdzd7kS7Gd', 1,
        '2020-10-08 09:05:03', '2020-10-08 09:05:04'),
       ('8fb09067-a489-4a79-b342-d726c2a80d2b', 0, NULL, 'enc.ONXWG2LBNQWWIZLGMF2WY5BNMFZWWZLS',
        '8fb09067-a489-4a79-b342-d726c2a80d2b@beratungcaritas.de', 'bwjypveCYaw7zMz5Y', 1,
        '2020-10-08 09:04:01', '2020-10-08 09:04:01'),
       ('9113d9c7-d8de-402f-82a9-5276af7a8e34', 0, NULL, 'enc.OBSXEZTPOJWWC3TDMUWWC43LMVZC2NZX',
        '9113d9c7-d8de-402f-82a9-5276af7a8e34@beratungcaritas.de', 'RNpp2BWKqMkyE2MDB', 1,
        '2020-10-08 09:05:53', '2020-10-08 09:05:54'),
       ('92d46a1f-e37e-479b-b808-00f54c622cd2', 0, NULL, 'enc.OBSXEZTPOJWWC3TDMUWWC43LMVZC2NJX',
        '92d46a1f-e37e-479b-b808-00f54c622cd2@beratungcaritas.de', 'Qc6dcKkKiQ8PKdR7k', 1,
        '2020-10-08 09:05:28', '2020-10-08 09:05:29'),
       ('97ff8289-a59a-4f7f-afb4-bfeb2acfe3c1', 0, NULL, 'enc.OBSXEZTPOJWWC3TDMUWWC43LMVZC2NBV',
        '97ff8289-a59a-4f7f-afb4-bfeb2acfe3c1@beratungcaritas.de', 'ApsNJPWuttpX2gWLW', 1,
        '2020-10-08 09:05:14', '2020-10-08 09:05:14'),
       ('98367c80-b430-44de-9db4-ad60a146e169', 0, NULL, 'enc.OBSXEZTPOJWWC3TDMUWWC43LMVZC2MRZ',
        '98367c80-b430-44de-9db4-ad60a146e169@beratungcaritas.de', 'usfMNnKZq66ZT7uSw', 1,
        '2020-10-08 09:04:55', '2020-10-08 09:04:56'),
       ('9c4057d0-05ad-4e86-a47c-dc5bdeec03b9', NULL, NULL, 'enc.OUZDK43VMNUHI3DFOI......',
        '9c4057d0-05ad-4e86-a47c-dc5bdeec03b9@beratungcaritas.de', 'J7vrcAhNNsogLGJcj', 0,
        '2020-11-04 09:18:21', '2020-11-04 09:18:33'),
       ('9c4b5470-ac4f-476e-b684-7c1930df51c5', 0, NULL, 'enc.OBSXEZTPOJWWC3TDMUWWC43LMVZC2OBW',
        '9c4b5470-ac4f-476e-b684-7c1930df51c5@beratungcaritas.de', '5KR9sZStb2MtoNkTP', 1,
        '2020-10-08 09:06:05', '2020-10-08 09:06:05'),
       ('a1632507-6697-4cbc-bde5-e714c015b19c', 0, NULL, 'enc.OBSXEZTPOJWWC3TDMUWWC43LMVZC2MRQ',
        'a1632507-6697-4cbc-bde5-e714c015b19c@beratungcaritas.de', 'Mi8keFbskFoYkAuBq', 1,
        '2020-10-08 09:04:44', '2020-10-08 09:04:44'),
       ('a38983e3-43f7-49ac-ab61-18161fd45b69', 0, NULL, 'enc.OUZDKLLBONVWK4Q.',
        'a38983e3-43f7-49ac-ab61-18161fd45b69@beratungcaritas.de', '8JdBXFj877kiKcE5Y', 0,
        '2020-10-08 09:03:49', '2020-10-08 09:03:50'),
       ('a42809ea-3880-432e-95a2-c757df3e7712', 0, NULL, 'enc.OBSXEZTPOJWWC3TDMUWWC43LMVZC2NZW',
        'a42809ea-3880-432e-95a2-c757df3e7712@beratungcaritas.de', 'Q2qGv3YfpGgtcmh92', 1,
        '2020-10-08 09:05:52', '2020-10-08 09:05:53'),
       ('a46f4d54-b9c6-427e-8b8c-b1687da833c4', 0, NULL, 'enc.OBSXEZTPOJWWC3TDMUWWC43LMVZC2MQ.',
        'a46f4d54-b9c6-427e-8b8c-b1687da833c4@beratungcaritas.de', '6363epbRxXXP9fMe7', 1,
        '2020-10-08 09:04:21', '2020-10-08 09:04:22'),
       ('a63c4509-37e8-4851-b6dc-bcaa04ecf907', 0, NULL, 'enc.ONXWG2LBNQWXIZLBNUWWC43LMVZA....',
        'a63c4509-37e8-4851-b6dc-bcaa04ecf907@beratungcaritas.de', '48sr25YJRnsYmZ3Hq', 1,
        '2020-10-08 09:04:02', '2020-10-08 09:04:02'),
       ('a70122e6-c1c1-41ed-80fe-e7021b75649c', 0, NULL, 'enc.OBSXEZTPOJWWC3TDMUWWC43LMVZC2OJR',
        'a70122e6-c1c1-41ed-80fe-e7021b75649c@beratungcaritas.de', 'iXKeZZCdM2DEd3FXL', 1,
        '2020-10-08 09:06:11', '2020-10-08 09:06:11'),
       ('abb9bf86-a5ac-4727-a9c2-e4962fe09681', 0, NULL, 'enc.OBSXEZTPOJWWC3TDMUWWC43LMVZC2NRU',
        'abb9bf86-a5ac-4727-a9c2-e4962fe09681@beratungcaritas.de', 'dwqRzGXQcm9kSfWes', 1,
        '2020-10-08 09:05:37', '2020-10-08 09:05:37'),
       ('ada498f6-29d4-4d01-8749-e2f6ec4d58ca', 0, NULL, 'enc.OBSXEZTPOJWWC3TDMUWWC43LMVZC2OBZ',
        'ada498f6-29d4-4d01-8749-e2f6ec4d58ca@beratungcaritas.de', 'x8guY4ki7xWYWHmzA', 1,
        '2020-10-08 09:06:08', '2020-10-08 09:06:09'),
       ('aeafa0c1-3e8c-4285-aa9f-dcf281cdd7f3', 0, NULL, 'enc.OBSXEZTPOJWWC3TDMUWWC43LMVZC2NBU',
        'aeafa0c1-3e8c-4285-aa9f-dcf281cdd7f3@beratungcaritas.de', 'fTwKgPTtgDYg6hd7p', 1,
        '2020-10-08 09:05:13', '2020-10-08 09:05:13'),
       ('b0d50e77-5a91-47ea-9d32-a634c1828ba6', 0, NULL, 'enc.OBSXEZTPOJWWC3TDMUWWC43LMVZC2OBV',
        'b0d50e77-5a91-47ea-9d32-a634c1828ba6@beratungcaritas.de', 'cr4R2BT6DRP77NcDe', 1,
        '2020-10-08 09:06:03', '2020-10-08 09:06:03'),
       ('b35fe70d-e832-4c7d-9758-db9b049400c5', NULL, NULL, 'enc.ORSXG5DB',
        'b35fe70d-e832-4c7d-9758-db9b049400c5@beratungcaritas.de', NULL, 1, '2020-10-13 07:12:18',
        '2020-10-13 07:12:18'),
       ('b4059586-22d1-4d45-aa45-454db959fa50', 0, NULL, 'enc.OBSXEZTPOJWWC3TDMUWWC43LMVZC2OA.',
        'b4059586-22d1-4d45-aa45-454db959fa50@beratungcaritas.de', 'sMAfDnuQ3THe6fvLs', 1,
        '2020-10-08 09:04:29', '2020-10-08 09:04:29'),
       ('b4ad2528-280f-4865-9f30-1a63e1feb261', 0, NULL, 'enc.OBSXEZTPOJWWC3TDMUWWC43LMVZC2NJQ',
        'b4ad2528-280f-4865-9f30-1a63e1feb261@beratungcaritas.de', 'xomtyupFfvfuTrqPp', 1,
        '2020-10-08 09:05:20', '2020-10-08 09:05:20'),
       ('b4f7ff27-6be9-49ae-83a2-f8447dae5259', NULL, NULL, 'enc.OUZDK5DFON2DGNJVGU......',
        'b4f7ff27-6be9-49ae-83a2-f8447dae5259@beratungcaritas.de', NULL, 0, '2020-11-04 07:21:50',
        '2020-11-04 07:21:50'),
       ('b5133bd8-e53e-4db9-a38d-2f825587313d', 0, NULL, 'enc.OBSXEZTPOJWWC3TDMUWWC43LMVZC2NBY',
        'b5133bd8-e53e-4db9-a38d-2f825587313d@beratungcaritas.de', 'iuenYg2NjKJfXvtuY', 1,
        '2020-10-08 09:05:18', '2020-10-08 09:05:18'),
       ('b7d74ad3-7361-42be-8d34-81bc44f2f903', 0, NULL, 'enc.OBSXEZTPOJWWC3TDMUWWC43LMVZC2NBR',
        'b7d74ad3-7361-42be-8d34-81bc44f2f903@beratungcaritas.de', '2BZEAxam4T28pzMeL', 1,
        '2020-10-08 09:05:09', '2020-10-08 09:05:10'),
       ('b80701f9-edd4-4231-9b5e-d18eff99f139', 0, NULL, 'enc.OBSXEZTPOJWWC3TDMUWWC43LMVZC2NQ.',
        'b80701f9-edd4-4231-9b5e-d18eff99f139@beratungcaritas.de', 'o63ftevd9RTdZB2fA', 1,
        '2020-10-08 09:04:27', '2020-10-08 09:04:27'),
       ('bb9a4c21-9398-407a-b94d-743fdbea7e63', 0, NULL, 'enc.MRSWE5BNORSWC3JNMFZWWZLS',
        'bb9a4c21-9398-407a-b94d-743fdbea7e63@beratungcaritas.de', 'cghTQELcnccbjRuvN', 1,
        '2020-10-08 09:03:59', '2020-10-08 09:04:00'),
       ('bc97a2c0-2811-462e-aa92-c9f61415ee2e', 0, NULL, 'enc.OBQXEZLOORUW4ZZNORSWC3JNMFZWWZLS',
        'bc97a2c0-2811-462e-aa92-c9f61415ee2e@beratungcaritas.de', 'SGK3fgX5w4H6RDNqd', 1,
        '2020-10-08 09:03:55', '2020-10-08 09:03:55'),
       ('be1824ea-c686-4af1-873d-c26cbc715689', 0, NULL, 'enc.OBSXEZTPOJWWC3TDMUWWC43LMVZC2MRT',
        'be1824ea-c686-4af1-873d-c26cbc715689@beratungcaritas.de', '8G2oPkrDvsK9Es8Ag', 1,
        '2020-10-08 09:04:47', '2020-10-08 09:04:47'),
       ('be18f5f7-484d-4b70-816c-63217162322b', NULL, NULL, 'enc.MFZG22LOORSXG5A.',
        'be18f5f7-484d-4b70-816c-63217162322b@beratungcaritas.de', '4pFDFZemcYR4hZkKR', 0,
        '2020-10-27 08:00:05', '2020-10-27 08:00:49'),
       ('bf55e8c3-985a-483f-b079-1e468f451082', 0, NULL,
        'enc.MRUXGYLCNFWGS5DZFV2GKYLNFVQXG23FOI......',
        'bf55e8c3-985a-483f-b079-1e468f451082@beratungcaritas.de', 'ZwYArTMnJWfF5Gbig', 1,
        '2020-10-08 09:04:08', '2020-10-08 09:04:08'),
       ('c0db8283-eb25-478a-af35-a84276e46ede', 0, NULL, 'enc.OBSXEZTPOJWWC3TDMUWWC43LMVZC2OJZ',
        'c0db8283-eb25-478a-af35-a84276e46ede@beratungcaritas.de', 'XD94iYoyF6pjxXFDe', 1,
        '2020-10-08 09:06:21', '2020-10-08 09:06:21'),
       ('c1c229fd-bf08-451a-93f7-e047aaac34ae', 0, NULL, 'enc.NRQXOLLEMVTGC5LMOQWWC43LMVZA....',
        'c1c229fd-bf08-451a-93f7-e047aaac34ae@beratungcaritas.de', '97TxBSQAJ6Sy5p9Zg', 1,
        '2020-10-08 09:04:09', '2020-10-08 09:04:09'),
       ('c32950a8-b69e-4c48-8d34-831dfc25e1b3', 0, NULL, 'enc.OBSXEZTPOJWWC3TDMUWWC43LMVZC2OBS',
        'c32950a8-b69e-4c48-8d34-831dfc25e1b3@beratungcaritas.de', 'bZBWumZZwBjNjoaco', 1,
        '2020-10-08 09:05:59', '2020-10-08 09:06:00'),
       ('c68cb3db-4081-4e3e-bf50-a001fbc957e5', 0, NULL,
        'enc.OBQXEZLOORUW4ZZNMRSWMYLVNR2C2YLTNNSXE...',
        'c68cb3db-4081-4e3e-bf50-a001fbc957e5@beratungcaritas.de', 'fm79qoQqL6uvRv7qJ', 1,
        '2020-10-08 09:03:54', '2020-10-08 09:03:54'),
       ('c71d361b-59d5-42c6-99b2-aa99070d0fa0', 0, NULL, 'enc.OBSXEZTPOJWWC3TDMUWWC43LMVZC2MZS',
        'c71d361b-59d5-42c6-99b2-aa99070d0fa0@beratungcaritas.de', 'qmFBTZTwNN4gKXxjk', 1,
        '2020-10-08 09:04:59', '2020-10-08 09:04:59'),
       ('c74571d2-8b8b-4233-b599-4d152a4a4e48', 0, NULL, 'enc.OBSXEZTPOJWWC3TDMUWWC43LMVZC2MZZ',
        'c74571d2-8b8b-4233-b599-4d152a4a4e48@beratungcaritas.de', 'KKieAdJL6rDaFip7v', 1,
        '2020-10-08 09:05:07', '2020-10-08 09:05:07'),
       ('ca5e3d47-b06a-4584-9508-a9c77557152c', 0, NULL, 'enc.OBWGC3SCFV2GKYLNFVQXG23FOI......',
        'ca5e3d47-b06a-4584-9508-a9c77557152c@beratungcaritas.de', 'zyuNbQohcZXjyRbGQ', 0,
        '2020-10-08 09:04:13', '2020-10-08 09:04:13'),
       ('ce9ca5e1-b0a2-4200-b764-2eb39a16a377', 0, NULL, 'enc.OBSXEZTPOJWWC3TDMUWWC43LMVZC2NRY',
        'ce9ca5e1-b0a2-4200-b764-2eb39a16a377@beratungcaritas.de', 'gwGrTrAwgFGjKNLMH', 1,
        '2020-10-08 09:05:42', '2020-10-08 09:05:42'),
       ('cf2039ec-0eef-4805-8a14-2c2acffc2e3f', 0, NULL, 'enc.OBSXEZTPOJWWC3TDMUWWC43LMVZC2NRX',
        'cf2039ec-0eef-4805-8a14-2c2acffc2e3f@beratungcaritas.de', 'bDRRb2DKkyruNrTKk', 1,
        '2020-10-08 09:05:41', '2020-10-08 09:05:41'),
       ('d0719b49-cc7e-4755-9052-a758fe8c8d85', 0, NULL,
        'enc.ONSW42LPOJUXI6JNMRSWMYLVNR2C2YLTNNSXE...',
        'd0719b49-cc7e-4755-9052-a758fe8c8d85@beratungcaritas.de', '2Q5kNWLLYYRSZnvww', 1,
        '2020-10-08 09:04:04', '2020-10-08 09:04:04'),
       ('d27afce4-b88f-4323-b968-e455914f8d7b', 0, NULL, 'enc.OBZGKZ3OMFXGG6JNORSWC3JNMFZWWZLS',
        'd27afce4-b88f-4323-b968-e455914f8d7b@beratungcaritas.de', 'P3MiTkGzeoudKCofA', 0,
        '2020-10-08 09:03:52', '2020-10-08 09:03:53'),
       ('d340dd99-62af-4831-9676-882f7cf2b392', 0, NULL, 'enc.OBSXEZTPOJWWC3TDMUWWC43LMVZC2MJX',
        'd340dd99-62af-4831-9676-882f7cf2b392@beratungcaritas.de', 'zFDXkipjL7Zd6vK4e', 1,
        '2020-10-08 09:04:40', '2020-10-08 09:04:40'),
       ('d5b81259-bea7-455a-b112-b53706cbf38f', 0, NULL, 'enc.OBSXEZTPOJWWC3TDMUWWC43LMVZC2MZQ',
        'd5b81259-bea7-455a-b112-b53706cbf38f@beratungcaritas.de', '3WScR3oi2hvM6TQLA', 1,
        '2020-10-08 09:04:56', '2020-10-08 09:04:57'),
       ('d716bdb7-3dd8-4b01-9f9b-7b7b214c8a71', 0, NULL, 'enc.OBSXEZTPOJWWC3TDMUWWC43LMVZC2MZT',
        'd716bdb7-3dd8-4b01-9f9b-7b7b214c8a71@beratungcaritas.de', 'AdENRMd9zgeNsfT4j', 1,
        '2020-10-08 09:05:00', '2020-10-08 09:05:00'),
       ('d7abe2c2-2e2d-48f2-a900-bc57d86bf3f7', NULL, NULL, 'enc.ORSXG5DUMVZXI...',
        'test@open4business.de', NULL, 1, '2020-10-21 07:58:22', '2020-10-21 07:58:22'),
       ('d9b10dea-bebf-49da-8f2f-5ab986f9d1bf', NULL, NULL, 'enc.NBQWY3DPORSXG5A.',
        'd9b10dea-bebf-49da-8f2f-5ab986f9d1bf@beratungcaritas.de', 'AovDsp9XyyNELJvBj', 0,
        '2020-10-20 11:42:36', '2020-10-20 11:43:14'),
       ('de46fedb-4138-4862-9e0a-452e920840d1', 0, NULL, 'enc.OBSXEZTPOJWWC3TDMUWWC43LMVZC2NRW',
        'de46fedb-4138-4862-9e0a-452e920840d1@beratungcaritas.de', 'xApbFBbgKxxjh5aia', 1,
        '2020-10-08 09:05:40', '2020-10-08 09:05:40'),
       ('de94d670-4ce0-4f42-8465-65416002d67b', 0, NULL, 'enc.OBSXEZTPOJWWC3TDMUWWC43LMVZC2MZU',
        'de94d670-4ce0-4f42-8465-65416002d67b@beratungcaritas.de', 'PBG6iSkRZrkq6FGMp', 1,
        '2020-10-08 09:05:01', '2020-10-08 09:05:01'),
       ('df5a2183-461e-4797-af41-4947d6207369', 0, NULL, 'enc.OBSXEZTPOJWWC3TDMUWWC43LMVZC2OJY',
        'df5a2183-461e-4797-af41-4947d6207369@beratungcaritas.de', 'cr7ZADkmWY7kr3btT', 1,
        '2020-10-08 09:06:20', '2020-10-08 09:06:20'),
       ('e058b3fd-04e6-40d9-a1ef-0e32eba5bc9a', 0, NULL, 'enc.OBSXEZTPOJWWC3TDMUWWC43LMVZC2OBY',
        'e058b3fd-04e6-40d9-a1ef-0e32eba5bc9a@beratungcaritas.de', 'EHsf6WKsJjqPPgWr8', 1,
        '2020-10-08 09:06:07', '2020-10-08 09:06:07'),
       ('e084e40d-87de-460c-b955-0f4fc44b2d34', 0, NULL, 'enc.OBSXEZTPOJWWC3TDMUWWC43LMVZC2OJW',
        'e084e40d-87de-460c-b955-0f4fc44b2d34@beratungcaritas.de', 'jnYSJW9A5DJfdNixL', 1,
        '2020-10-08 09:06:18', '2020-10-08 09:06:18'),
       ('e0b22e51-04e2-473b-962d-64d43a4fae16', 0, NULL, 'enc.OBSXEZTPOJWWC3TDMUWWC43LMVZC2NRS',
        'e0b22e51-04e2-473b-962d-64d43a4fae16@beratungcaritas.de', 'WASxyMFjreK73DQqJ', 1,
        '2020-10-08 09:05:34', '2020-10-08 09:05:35'),
       ('e179d5b6-c46e-4600-90a3-ae5c71455750', 0, NULL,
        'enc.MNUGS3DEOJSW4LLEMVTGC5LMOQWWC43LMVZA....',
        'e179d5b6-c46e-4600-90a3-ae5c71455750@beratungcaritas.de', 'fAtpCFSozpYpceMFh', 1,
        '2020-10-08 09:04:18', '2020-10-08 09:04:18'),
       ('e5d4b473-d124-40bf-b169-c12c61911166', 0, NULL, 'enc.OBSXEZTPOJWWC3TDMUWWC43LMVZC2NJT',
        'e5d4b473-d124-40bf-b169-c12c61911166@beratungcaritas.de', 'QPYNKGsp4qWztevNp', 1,
        '2020-10-08 09:05:23', '2020-10-08 09:05:24'),
       ('e6df2553-db22-451e-b66b-9fe434803132', 0, NULL, 'enc.OBSXEZTPOJWWC3TDMUWWC43LMVZC2MI.',
        'e6df2553-db22-451e-b66b-9fe434803132@beratungcaritas.de', 'iWBGvjPnDRwrFMPYd', 1,
        '2020-10-08 09:04:20', '2020-10-08 09:04:20'),
       ('e838f22c-75a8-45cb-8ee6-91ca3153b2ea', 0, NULL, 'enc.OBSXEZTPOJWWC3TDMUWWC43LMVZC2NBQ',
        'e838f22c-75a8-45cb-8ee6-91ca3153b2ea@beratungcaritas.de', 'TJ6YDazubS9kix5jT', 1,
        '2020-10-08 09:05:08', '2020-10-08 09:05:08'),
       ('e8f9cabb-29bf-4b98-bf8f-efbe7cfd1c5c', 0, NULL, 'enc.OBSXEZTPOJWWC3TDMUWWC43LMVZC2MRV',
        'e8f9cabb-29bf-4b98-bf8f-efbe7cfd1c5c@beratungcaritas.de', 'chChLrB5hXiGkJjJT', 1,
        '2020-10-08 09:04:49', '2020-10-08 09:04:50'),
       ('e99de411-c473-4103-aa00-2dbfab6d18b6', 0, NULL, 'enc.NRQXOLLUMVQW2LLBONVWK4Q.',
        'e99de411-c473-4103-aa00-2dbfab6d18b6@beratungcaritas.de', 'jTnB9r6p4AyircZXW', 1,
        '2020-10-08 09:04:10', '2020-10-08 09:04:11'),
       ('eba13c5e-091e-4ada-b8e6-f6d765a4b659', 0, NULL, 'enc.OBSXEZTPOJWWC3TDMUWWC43LMVZC2OJV',
        'eba13c5e-091e-4ada-b8e6-f6d765a4b659@beratungcaritas.de', 'yaAX47eucMkYByhm5', 1,
        '2020-10-08 09:06:16', '2020-10-08 09:06:17'),
       ('ece53279-1305-46e6-8d41-65a66ef10416', 0, NULL, 'enc.OBSXEZTPOJWWC3TDMUWWC43LMVZC2OBX',
        'ece53279-1305-46e6-8d41-65a66ef10416@beratungcaritas.de', 'NqjJmE2cEfF57AiGX', 1,
        '2020-10-08 09:06:06', '2020-10-08 09:06:06'),
       ('ef3db553-09e7-4e65-bedc-c091224889eb', 0, NULL, 'enc.OBSXEZTPOJWWC3TDMUWWC43LMVZC2MZV',
        'ef3db553-09e7-4e65-bedc-c091224889eb@beratungcaritas.de', '2foifL7BkAcGj7NRS', 1,
        '2020-10-08 09:05:02', '2020-10-08 09:05:02'),
       ('f55104c2-7358-4c2d-bebc-d7398e2029d3', 0, NULL, 'enc.OBSXEZTPOJWWC3TDMUWWC43LMVZC2OBQ',
        'f55104c2-7358-4c2d-bebc-d7398e2029d3@beratungcaritas.de', 'D6pvzHDtabRd2uDK2', 1,
        '2020-10-08 09:05:57', '2020-10-08 09:05:57'),
       ('f7e7570a-3532-4c2d-a457-7b8834ea7977', 0, NULL, 'enc.OBWGC3SCFVSGKZTBOVWHILLBONVWK4Q.',
        'f7e7570a-3532-4c2d-a457-7b8834ea7977@beratungcaritas.de', 'zS4tB7B92zCiwDaAa', 0,
        '2020-10-08 09:04:11', '2020-10-08 09:04:12'),
       ('fa7d0453-93f5-4d17-a205-a27a5e9cc2f3', NULL, NULL, 'enc.NNRHIZLTOQ......',
        'fa7d0453-93f5-4d17-a205-a27a5e9cc2f3@beratungcaritas.de', 'RsezBwbkp2mekArTq', 1,
        '2020-10-28 15:05:14', '2020-10-28 15:05:14'),
       ('fa805afe-7439-4ae6-929c-b7e8334b1ec3', 0, NULL, 'enc.OBSXEZTPOJWWC3TDMUWWC43LMVZC2MJY',
        'fa805afe-7439-4ae6-929c-b7e8334b1ec3@beratungcaritas.de', 'Ke6tk3ZYKtuGrtn8G', 1,
        '2020-10-08 09:04:41', '2020-10-08 09:04:41'),
       ('fc0264d1-5b49-4993-89cf-6f71fbf3850a', 0, NULL, 'enc.OBSXEZTPOJWWC3TDMUWWC43LMVZC2OJS',
        'fc0264d1-5b49-4993-89cf-6f71fbf3850a@beratungcaritas.de', 'PvgFMxN4eZvfCoKJD', 1,
        '2020-10-08 09:06:12', '2020-10-08 09:06:12'),
       ('fc19d6a9-f9ba-40c7-bfae-2883b6d56a3a', 0, NULL, 'enc.OBSXEZTPOJWWC3TDMUWWC43LMVZC2MRR',
        'fc19d6a9-f9ba-40c7-bfae-2883b6d56a3a@beratungcaritas.de', 'CTPCk2eHdrTpAn2FF', 1,
        '2020-10-08 09:04:45', '2020-10-08 09:04:45'),
       ('fd639b0e-4e90-415e-9cd4-372781b71ce4', NULL, NULL, 'enc.OUZDKZDFOBYA....',
        'fd639b0e-4e90-415e-9cd4-372781b71ce4@beratungcaritas.de', 'JXA8rJzPnhLod8zX3', 0,
        '2020-11-04 09:29:14', '2020-11-04 09:29:30'),
       ('fd8d66e9-ca90-4dfa-872d-c4234752940d', NULL, NULL, 'enc.NR2WSZ3J',
        'fd8d66e9-ca90-4dfa-872d-c4234752940d@beratungcaritas.de', NULL, 1, '2020-10-14 06:40:03',
        '2020-10-14 06:40:03'),
       ('fda9a0a1-c936-45ee-9141-d73dfc0a3348', 0, NULL, 'enc.OBSXEZTPOJWWC3TDMUWWC43LMVZC2MJQ',
        'fda9a0a1-c936-45ee-9141-d73dfc0a3348@beratungcaritas.de', 'v43RmkXQG23tf3kWf', 1,
        '2020-10-08 09:04:32', '2020-10-08 09:04:32'),
       ('abc9a0a1-c936-45ee-9141-d73dfc0a3999', 0, NULL, 'enc.OBSXEZTPOJBWC3TAMUWWC43LMVZC2MJQ',
        'abc9a0a1-c936-45ee-9141-d73dfc0a3999@beratungcaritas.de', '3tf3kWfdG23tf3kWf', 1,
        '2018-05-01 09:04:32', '2020-10-08 09:04:32'),
       ('def9a0a1-c936-45ee-9141-d73dfc0a3888', 0, NULL, 'enc.OBSXEZTCOJDWC3TAMUWWC43LMVZC2MJQ',
        'def9a0a1-c936-45ee-9141-d73dfc0a3888@beratungcaritas.de', 'atFf3kAfdG23tf3kWf', 1,
        '2018-04-20 11:09:32', '2018-04-20 11:09:32'),
       ('hki9a0a1-c936-45ee-9141-d73dfc0a3777', 0, NULL, 'enc.ODDXEZTCOJDWC3TAMUWWC43LMVZC2MJQ',
        'hki9a0a1-c936-45ee-9141-d73dfc0a3777@beratungcaritas.de', 'atFf3kAfdG23tf3kWf', 1,
        '2018-02-05 11:09:32', '2018-02-05 11:09:32'),
       ('dlk9a0a1-c936-45ee-9141-d73dfc0a3666', 0, NULL, 'enc.ODDXEZTCOJDWC3TAMUWWC43DMVZF2MJQ',
        'dlk9a0a1-c936-45ee-9141-d73dfc0a3666@beratungcaritas.de', 'atFf3kAfdG23tf3kWf', 1,
        '2018-01-01 11:09:32', '2018-01-01 11:09:32'),
       ('arb9a0a1-c936-45ee-9141-d73dfc0a3111', 0, NULL, 'enc.ODDXEZTCOJDWC3T5MUWGC43DMAZF2MJQ',
        'arb9a0a1-c936-45ee-9141-d73dfc0a3111@beratungcaritas.de', 'atFf3kAfdG23tf3kWf', 1,
        '2018-01-01 11:09:32', '2018-01-01 11:09:32'),
       ('jurea0a1-c936-45ee-9141-d73dfc0a3000', 0, NULL, 'enc.ODDXEZDCOJDFC3T5AUWGC43DMAZF2MJQ',
        'jurea0a1-c936-45ee-9141-d73dfc0a3000@beratungcaritas.de', 'atFf3kAfdG23tf3kWf', 1,
        '2018-01-01 11:09:32', '2018-01-01 11:09:32'),
       ('opiti0a1-c936-45ee-9141-d73dfc0a3000', 0, NULL, 'enc.ODDAEZGDCHOJDAT5AUWGC43DMAZF2MJQ',
        'opiti0a1-c936-45ee-9141-d73dfc0a3000@beratungcaritas.de', 'atFf3kAfdG23tf3kWf', 1,
        '2018-01-01 11:09:32', '2018-01-01 11:09:32');
INSERT INTO consultant (`consultant_id`, `username`, `first_name`, `last_name`, `email`,
                        `is_team_consultant`, `is_absent`, `absence_message`, `rc_user_id`,
                        `language_formal`, `id_old`, `delete_date`, `create_date`, `update_date`,
                        `walk_through_enabled`)
VALUES ('0b3b1cc6-be98-4787-aa56-212259d811b9', 'enc.MVWWSZ3SMF2GS33OFV2GKYLN', 'Emiration',
        'Consultant', 'emigration@consultant.de', 1, 0, NULL, 'RMuMMjeaZh642fZa7', 1, 0, NULL,
        '2020-10-08 08:57:44', '2020-10-08 08:57:44', 1),
       ('1293c11a-1b3e-47b8-a16e-ce0a8f055689', 'enc.OBSXEZTPOJWWC3TDMU......', 'Performance',
        'Consultant', 'performance@consultant.de', 1, 0, NULL, '4nWTY9Tq56oz3BTHp', 1, 0, NULL,
        '2020-10-08 08:54:20', '2020-10-08 08:54:20', 1),
       ('1332fe22-cf40-444c-9ef6-6df569e41612', 'enc.NNZGK5L2MJ2W4ZBS', 'Kreuzbund', 'Consultant 2',
        'kreuzbund2@consultant.de', 0, 0, NULL, 'xaaa2Y3JNXBed7i4u', 1, 0, NULL,
        '2020-10-08 08:54:22', '2020-10-08 08:54:22', 1),
       ('147a152a-e33c-456a-8a05-7731f95520cf', 'enc.MNUGS3DEOJSW4LLEMVTGC5LMOQ......', 'Default',
        'Consultant', 'children@consultant.de', 0, 0, NULL, 'hyPtEKfCYoQ9wKQD9', 1, 0, NULL,
        '2020-10-08 08:54:17', '2020-10-08 08:54:17', 1),
       ('18e00fbd-c207-4967-b44a-1a55ffd0b71a', 'enc.ONSW42LPOJUXI6JNORSWC3I.', 'Default',
        'Consultant', 'seniority-team@consultant.de', 1, 0, NULL, 'LnJocRydDEAKx4Lss', 1, 0, NULL,
        '2020-10-08 08:54:10', '2020-10-08 08:54:10', 1),
       ('25cdfa46-6b91-4bea-bb48-ae69f6b6fbf4', 'enc.MRSWE5BNMRSWMYLVNR2A....', 'Default',
        'Consultant', 'debt@consultant.de', 0, 0, NULL, 'SSLvr4ZG5ATW84r2H', 1, 0, NULL,
        '2020-10-08 08:54:06', '2020-10-08 08:54:06', 1),
       ('260061df-01c2-4c73-835d-9069a23ea671', 'enc.MNUGS3DEOJSW4LLUMVQW2...', 'Default',
        'Consultant', 'children-team@consultant.de', 1, 0, NULL, 'yNtjP3mNFoZ3zPhKm', 1, 0, NULL,
        '2020-10-08 08:54:18', '2020-10-08 08:54:18', 1),
       ('2bbbdb50-94de-4d35-a0c4-a4e7450cf171', 'enc.OBZGKZ3OMFXGG6JNORSWC3I.', 'Default',
        'Consultant', 'pregnancy-team@consultant.de', 1, 0, NULL, '5ni2Puo4ijLZT8Cvf', 0, 0, NULL,
        '2020-10-08 08:54:03', '2020-10-08 08:54:03', 1),
       ('330dd0a4-6728-453e-a6b7-3aa181cf0c72', 'enc.OBQXEZLOORUW4ZZNORSWC3I.', 'Default',
        'Consultant', 'parenting-team@consultant.de', 1, 0, NULL, 'B8sznptFFEdrZNawY', 1, 0, NULL,
        '2020-10-08 08:54:04', '2020-10-08 08:54:04', 1),
       ('45816eb6-984b-411f-a818-996cd16e1f2a', 'enc.OUZDK4DFMVZA....', 'Peter', 'Peer',
        'pete.peer@consultant.de', 1, 0, NULL, 'RhwSJiKuadzTQXfwP', 0, 0, NULL,
        '2020-10-08 08:54:01', '2020-10-08 08:54:01', 1),
       ('473f7c4b-f011-4fc2-847c-ceb636a5b399', 'enc.MFSGI2LDORUW63RNMRSWMYLVNR2A....', 'Default',
        'Consultant', 'addiction@consultant.de', 0, 0, NULL, 'CztX9SWF4SJPvgknZ', 1, 0, NULL,
        '2020-10-08 08:53:55', '2020-10-08 08:53:55', 1),
       ('54e09b2d-e804-42ae-8693-dd66907bd6ed', 'enc.NNZGK5L2MJ2W4ZBR', 'Kreuzbund', 'Consultant 1',
        'kreuzbund1@consultant.de', 0, 0, NULL, 'ZYbj9Nsgrsu8WbijG', 1, 0, NULL,
        '2020-10-08 08:54:21', '2020-10-08 08:54:21', 1),
       ('5674839f-d0a3-47e2-8f9c-bb49fc2ddbbe', 'enc.NV2WY5DJOBWGK...', 'Multiple', 'BS',
        'multiple@consultant.de', 1, 0, NULL, 'eTNtviLNaJnfHE7CZ', 1, 0, NULL,
        '2020-10-08 08:54:19', '2020-10-08 08:54:19', 1),
       ('59664730-3b61-4b42-810c-d36d37a90386', 'enc.NRQXOLLEMVTGC5LMOQ......', 'Default',
        'Consultant', 'law@consultant.de', 0, 0, NULL, 'djhLjyLnXb68GKs8j', 1, 0, NULL,
        '2020-10-08 08:54:13', '2020-10-08 08:54:13', 1),
       ('5e1b28d9-c94d-4d5a-907d-3907392c4414', 'enc.NRQXOLLUMVQW2...', 'Default', 'Consultant',
        'law-team@consultant.de', 1, 0, NULL, 'nnrm5CNYXwaM3uczG', 1, 0, NULL,
        '2020-10-08 08:54:14', '2020-10-08 08:54:14', 1),
       ('5e4578c5-45c4-474a-9d70-7a6ef6b0c4f6', 'enc.ONXWG2LBNQWXIZLBNU......', 'Default',
        'Consultant', 'social-team@consultant.de', 1, 0, NULL, 'ASMzvHKGd5uPXcwkW', 1, 0, NULL,
        '2020-10-08 08:54:08', '2020-10-08 08:54:08', 1),
       ('66794732-8751-4a06-a786-4849375e8999', 'enc.OJSWO2LPNZQWY...', 'Regional', 'Consultant',
        'regional@consultant.de', 0, 0, NULL, 'xibWsPGinJg6YDq56', 1, 0, NULL,
        '2020-10-08 08:57:45', '2020-10-08 08:57:45', 1),
       ('6cc9c3d3-69a5-468c-82dd-9d9f6ecd4d13', 'enc.ONXWG2LBNQWWIZLGMF2WY5A.', 'Default',
        'Consultant', 'social@consultant.de', 0, 0, NULL, 'Tcd9Wx99uCAvexQsa', 1, 0, NULL,
        '2020-10-08 08:54:07', '2020-10-08 08:54:07', 1),
       ('72efe24d-cf00-4889-a1e9-32a3855e001d', 'enc.MN2XEZJNMRSWMYLVNR2A....', 'Default',
        'Consultant', 'cure@consultant.de', 0, 0, NULL, '7MdaYmaEq9wZkirQt', 1, 0, NULL,
        '2020-10-08 08:54:05', '2020-10-08 08:54:05', 1),
       ('75abe824-fb42-476d-a52a-66660113bdcc', 'enc.MFSGI2LDORUW63RNORSWC3I.', 'Default',
        'Consultant', 'addiction-team@consultant.de', 1, 0, NULL, 'g22deRw34KaoGcsYs', 1, 0, NULL,
        '2020-10-08 08:53:57', '2020-10-08 08:53:57', 1),
       ('88613f5d-0d40-47e0-b323-e792e7fba3ed', 'enc.MFSGI2LDORUW63RNMRSWMYLVNR2DE...', 'Default2',
        'Consultant', 'addiction2@consultant.de', 0, 0, NULL, 'fNy88XqbEaBnSFfqQ', 1, 0, NULL,
        '2020-10-08 08:53:56', '2020-10-08 08:53:56', 1),
       ('8d61e2f4-309f-4b8b-a261-a524694630e3', 'enc.MRUXGYLCNFWGS5DZFVSGKZTBOVWHI...', 'Default',
        'Consultant', 'disability@consultant.de', 0, 0, NULL, 'uoRALNLKgWNp3bmvN', 1, 0, NULL,
        '2020-10-08 08:54:10', '2020-10-08 08:54:10', 1),
       ('91f5662c-dfb1-40b6-8248-ebaa9d56ae7d', 'enc.OBWGC3SCFVSGKZTBOVWHI...', 'Default',
        'Consultant', 'planB@consultant.de', 0, 0, NULL, 'uj6nwAbtPJa7qNx7n', 0, 0, NULL,
        '2020-10-08 08:54:12', '2020-10-08 08:54:12', 1),
       ('92e07348-d5bd-455f-80a7-d97958d2c02e', 'enc.NVUWO4TBORUW63Q.', 'Miration', 'Consultant',
        'migration@consultant.de', 0, 0, NULL, 'kDXax9iYBzbA2MNkw', 1, 0, NULL,
        '2020-10-08 08:57:43', '2020-10-08 08:57:43', 1),
       ('94c3e0b1-0677-4fd2-a7ea-56a71aefd0e8', 'enc.OBWGC3SCFV2GKYLN', 'Default', 'Consultant',
        'planB-team@consultant.de', 1, 0, NULL, 'C62RsyoYKoAS2Zeqo', 0, 0, NULL,
        '2020-10-08 08:54:13', '2020-10-08 08:54:13', 1),
       ('9c2e8f93-25d0-418c-a7b2-a011443ef3ca', 'enc.OJSWQYLCNFWGS5DBORUW63RNORSWC3I.', 'Default',
        'Consultant', 'rehabilitation-team@consultant.de', 1, 0, NULL, 'NsZK2LykhtN7Kx94Q', 1, 0,
        NULL, '2020-10-08 08:54:16', '2020-10-08 08:54:16', 1),
       ('9d81f1a9-977f-4b0c-9a0d-9f0d6c855eaf', 'enc.OUZDK3LBNFXDE...', 'Manfred', 'Main2',
        'manne.main2@consultant.de', 1, 0, NULL, 'WyEfcrFmjFAxWEM2g', 0, 0, NULL,
        '2020-10-08 08:54:00', '2020-10-08 08:54:00', 1),
       ('a1e3038c-e865-4399-afc6-a94f9de6917a', 'enc.MRUXGYLCNFWGS5DZFV2GKYLN', 'Default',
        'Consultant', 'disability-team@consultant.de', 1, 0, NULL, 'sZeEz2AoQWjXJKyxE', 1, 0, NULL,
        '2020-10-08 08:54:11', '2020-10-08 08:54:11', 1),
       ('ac364ebc-5eaf-4f33-92c5-1e86b8a960c4', 'enc.MRSWE5BNORSWC3I.', 'Default', 'Consultant',
        'debt-team@consultant.de', 1, 0, NULL, 'JJ9yC5gSBRhyXhjDZ', 1, 0, NULL,
        '2020-10-08 08:54:07', '2020-10-08 08:54:07', 1),
       ('bad14912-cf9f-4c16-9d0e-fe8ede9b60dc', 'enc.OUZDK3LBNFXA....', 'Manfred', 'Main',
        'manne.main@consultant.de', 1, 0, NULL, 'j8imxJzgjxo7yjKuN', 0, 0, NULL,
        '2020-10-08 08:53:59', '2020-10-08 08:53:59', 1),
       ('d67af4e4-0914-42ce-8c4c-b063e1ad78e6', 'enc.OBQXEZLOORUW4ZZNMRSWMYLVNR2A....', 'Default',
        'Consultant', 'parenting@consultant.de', 0, 0, NULL, 'oEMAnSdJgo2TGzmMr', 1, 0, NULL,
        '2020-10-08 08:54:03', '2020-10-08 08:54:03', 1),
       ('d6942312-752a-4c2f-8550-dcef7ae0f14a', 'enc.N5TGMZLOMRSXELLEMVTGC5LMOQ......', 'Default',
        'Consultant', 'offender@consultant.de', 0, 0, NULL, '7oPn987ZhQLvhauKn', 1, 0, NULL,
        '2020-10-08 08:54:15', '2020-10-08 08:54:15', 1),
       ('e1fc5245-8497-4315-b610-667917cf3442', 'enc.NBXXG4DJMNSQ....', 'Hospice', 'Consultant',
        'hospice@consultant.de', 0, 0, NULL, 'RJufqeWXcHnzpH4ps', 1, 0, NULL, '2020-10-08 08:57:44',
        '2020-10-08 08:57:44', 1),
       ('e2f20d3a-1ca7-4cb5-9fac-8e26033416b3', 'enc.MFSGI2LDORUW63RNORSWC3JS', 'Default2',
        'Consultant', 'addiction-team2@consultant.de', 1, 0, NULL, 'otc9ZHMsSkEqqfBMc', 1, 0, NULL,
        '2020-10-08 08:53:58', '2020-10-08 08:53:58', 1),
       ('f0327f55-a844-41b7-a72c-2716b259a41d', 'enc.OBZGKZ3OMFXGG6JNMRSWMYLVNR2A....', 'Default',
        'Consultant', 'pregnancy@consultant.de', 0, 0, NULL, '9sS74MZdCS5Prq2CR', 0, 0, NULL,
        '2020-10-08 08:54:02', '2020-10-08 08:54:02', 1),
       ('fb700f55-ba23-4e81-95c1-f7abbb236b95', 'enc.MFUWI4ZNMRSWMYLVNR2A....', 'Default',
        'Consultant', 'aids@consultant.de', 0, 0, NULL, '96X6xZx5pyoAriZnq', 1, 0, NULL,
        '2020-10-08 08:54:15', '2020-10-08 08:54:15', 1),
       ('fb77d849-470f-4cec-89ca-6aa673bacb88', 'enc.ONSW42LPOJUXI6JNMRSWMYLVNR2A....', 'Default',
        'Consultant', 'seniority@consultant.de', 0, 0, NULL, 'pbb8Fw2juns6FFTks', 1, 0, NULL,
        '2020-10-08 08:54:09', '2020-10-08 08:54:09', 1),
       ('34c3x5b1-0677-4fd2-a7ea-56a71aefd099', 'enc.AAAW42LPOJUXI6JNMRTFMYLVNR2A....', 'Default',
        'Consultant', 'new@consultant.de', 0, 0, NULL, 'aaa8Fw2juns6FFTks', 1, 0, NULL,
        '2020-10-08 08:54:09', '2020-10-08 08:54:09', 1),
       ('42c3x532-0677-4fd2-a7ea-56a71aefd088', 'enc.AAAW42LPOJUXI6JNMRTFMYLVDSSA....', 'Default',
               'Consultant', 'nosessions@consultant.de', 0, 0, NULL, 'xyz8Fw2juns6FFTks', 1, 0, NULL,
               '2020-10-08 08:54:09', '2020-10-08 08:54:09', 1);

        ;
INSERT INTO consultant_agency (`id`, `consultant_id`, `agency_id`, `create_date`, `update_date`)
VALUES (0, '473f7c4b-f011-4fc2-847c-ceb636a5b399', 1, '2020-10-08 08:53:55', '2020-10-08 08:53:55'),
       (1, '88613f5d-0d40-47e0-b323-e792e7fba3ed', 1, '2020-10-08 08:53:56', '2020-10-08 08:53:56'),
       (2, '75abe824-fb42-476d-a52a-66660113bdcc', 0, '2020-10-08 08:53:57', '2020-10-08 08:53:57'),
       (3, 'e2f20d3a-1ca7-4cb5-9fac-8e26033416b3', 0, '2020-10-08 08:53:58', '2020-10-08 08:53:58'),
       (4, 'bad14912-cf9f-4c16-9d0e-fe8ede9b60dc', 121, '2020-10-08 08:53:59',
        '2020-10-08 08:53:59'),
       (5, 'bad14912-cf9f-4c16-9d0e-fe8ede9b60dc', 110, '2020-10-08 08:53:59',
        '2020-10-08 08:53:59'),
       (6, '9d81f1a9-977f-4b0c-9a0d-9f0d6c855eaf', 121, '2020-10-08 08:54:00',
        '2020-10-08 08:54:00'),
       (7, '9d81f1a9-977f-4b0c-9a0d-9f0d6c855eaf', 110, '2020-10-08 08:54:00',
        '2020-10-08 08:54:00'),
       (8, '45816eb6-984b-411f-a818-996cd16e1f2a', 121, '2020-10-08 08:54:01',
        '2020-10-08 08:54:01'),
       (9, '45816eb6-984b-411f-a818-996cd16e1f2a', 110, '2020-10-08 08:54:01',
        '2020-10-08 08:54:01'),
       (10, 'f0327f55-a844-41b7-a72c-2716b259a41d', 777, '2020-10-08 08:54:02',
        '2020-10-08 08:54:02'),
       (11, '2bbbdb50-94de-4d35-a0c4-a4e7450cf171', 785, '2020-10-08 08:54:03',
        '2020-10-08 08:54:03'),
       (12, 'd67af4e4-0914-42ce-8c4c-b063e1ad78e6', 310, '2020-10-08 08:54:03',
        '2020-10-08 08:54:03'),
       (13, '330dd0a4-6728-453e-a6b7-3aa181cf0c72', 469, '2020-10-08 08:54:04',
        '2020-10-08 08:54:04'),
       (14, '72efe24d-cf00-4889-a1e9-32a3855e001d', 915, '2020-10-08 08:54:05',
        '2020-10-08 08:54:05'),
       (15, '25cdfa46-6b91-4bea-bb48-ae69f6b6fbf4', 719, '2020-10-08 08:54:06',
        '2020-10-08 08:54:06'),
       (16, 'ac364ebc-5eaf-4f33-92c5-1e86b8a960c4', 743, '2020-10-08 08:54:07',
        '2020-10-08 08:54:07'),
       (17, '6cc9c3d3-69a5-468c-82dd-9d9f6ecd4d13', 202, '2020-10-08 08:54:07',
        '2020-10-08 08:54:07'),
       (18, '5e4578c5-45c4-474a-9d70-7a6ef6b0c4f6', 201, '2020-10-08 08:54:08',
        '2020-10-08 08:54:08'),
       (19, 'fb77d849-470f-4cec-89ca-6aa673bacb88', 1081, '2020-10-08 08:54:09',
        '2020-10-08 08:54:09'),
       (20, '18e00fbd-c207-4967-b44a-1a55ffd0b71a', 1087, '2020-10-08 08:54:10',
        '2020-10-08 08:54:10'),
       (21, '8d61e2f4-309f-4b8b-a261-a524694630e3', 258, '2020-10-08 08:54:10',
        '2020-10-08 08:54:10'),
       (22, 'a1e3038c-e865-4399-afc6-a94f9de6917a', 277, '2020-10-08 08:54:11',
        '2020-10-08 08:54:11'),
       (23, '91f5662c-dfb1-40b6-8248-ebaa9d56ae7d', 647, '2020-10-08 08:54:12',
        '2020-10-08 08:54:12'),
       (24, '94c3e0b1-0677-4fd2-a7ea-56a71aefd0e8', 639, '2020-10-08 08:54:13',
        '2020-10-08 08:54:13'),
       (25, '59664730-3b61-4b42-810c-d36d37a90386', 662, '2020-10-08 08:54:13',
        '2020-10-08 08:54:13'),
       (26, '5e1b28d9-c94d-4d5a-907d-3907392c4414', 665, '2020-10-08 08:54:14',
        '2020-10-08 08:54:14'),
       (27, 'd6942312-752a-4c2f-8550-dcef7ae0f14a', 257, '2020-10-08 08:54:15',
        '2020-10-08 08:54:15'),
       (28, 'fb700f55-ba23-4e81-95c1-f7abbb236b95', 200, '2020-10-08 08:54:16',
        '2020-10-08 08:54:16'),
       (29, '9c2e8f93-25d0-418c-a7b2-a011443ef3ca', 638, '2020-10-08 08:54:16',
        '2020-10-08 08:54:16'),
       (30, '147a152a-e33c-456a-8a05-7731f95520cf', 474, '2020-10-08 08:54:17',
        '2020-10-08 08:54:17'),
       (31, '260061df-01c2-4c73-835d-9069a23ea671', 634, '2020-10-08 08:54:18',
        '2020-10-08 08:54:18'),
       (32, '5674839f-d0a3-47e2-8f9c-bb49fc2ddbbe', 0, '2020-10-08 08:54:19',
        '2020-10-08 08:54:19'),
       (33, '5674839f-d0a3-47e2-8f9c-bb49fc2ddbbe', 1, '2020-10-08 08:54:19',
        '2020-10-08 08:54:19'),
       (34, '5674839f-d0a3-47e2-8f9c-bb49fc2ddbbe', 257, '2020-10-08 08:54:19',
        '2020-10-08 08:54:19'),
       (35, '5674839f-d0a3-47e2-8f9c-bb49fc2ddbbe', 258, '2020-10-08 08:54:19',
        '2020-10-08 08:54:19'),
       (36, '5674839f-d0a3-47e2-8f9c-bb49fc2ddbbe', 743, '2020-10-08 08:54:19',
        '2020-10-08 08:54:19'),
       (37, '5674839f-d0a3-47e2-8f9c-bb49fc2ddbbe', 647, '2020-10-08 08:54:19',
        '2020-10-08 08:54:19'),
       (38, '5674839f-d0a3-47e2-8f9c-bb49fc2ddbbe', 200, '2020-10-08 08:54:19',
        '2020-10-08 08:54:19'),
       (39, '5674839f-d0a3-47e2-8f9c-bb49fc2ddbbe', 777, '2020-10-08 08:54:19',
        '2020-10-08 08:54:19'),
       (40, '5674839f-d0a3-47e2-8f9c-bb49fc2ddbbe', 201, '2020-10-08 08:54:19',
        '2020-10-08 08:54:19'),
       (41, '5674839f-d0a3-47e2-8f9c-bb49fc2ddbbe', 202, '2020-10-08 08:54:19',
        '2020-10-08 08:54:19'),
       (42, '5674839f-d0a3-47e2-8f9c-bb49fc2ddbbe', 719, '2020-10-08 08:54:19',
        '2020-10-08 08:54:19'),
       (43, '5674839f-d0a3-47e2-8f9c-bb49fc2ddbbe', 785, '2020-10-08 08:54:19',
        '2020-10-08 08:54:19'),
       (44, '5674839f-d0a3-47e2-8f9c-bb49fc2ddbbe', 915, '2020-10-08 08:54:19',
        '2020-10-08 08:54:19'),
       (45, '5674839f-d0a3-47e2-8f9c-bb49fc2ddbbe', 469, '2020-10-08 08:54:19',
        '2020-10-08 08:54:19'),
       (46, '5674839f-d0a3-47e2-8f9c-bb49fc2ddbbe', 277, '2020-10-08 08:54:19',
        '2020-10-08 08:54:19'),
       (47, '5674839f-d0a3-47e2-8f9c-bb49fc2ddbbe', 310, '2020-10-08 08:54:19',
        '2020-10-08 08:54:19'),
       (48, '5674839f-d0a3-47e2-8f9c-bb49fc2ddbbe', 662, '2020-10-08 08:54:19',
        '2020-10-08 08:54:19'),
       (49, '5674839f-d0a3-47e2-8f9c-bb49fc2ddbbe', 1081, '2020-10-08 08:54:19',
        '2020-10-08 08:54:19'),
       (50, '5674839f-d0a3-47e2-8f9c-bb49fc2ddbbe', 665, '2020-10-08 08:54:19',
        '2020-10-08 08:54:19'),
       (51, '5674839f-d0a3-47e2-8f9c-bb49fc2ddbbe', 474, '2020-10-08 08:54:19',
        '2020-10-08 08:54:19'),
       (52, '5674839f-d0a3-47e2-8f9c-bb49fc2ddbbe', 634, '2020-10-08 08:54:19',
        '2020-10-08 08:54:19'),
       (53, '5674839f-d0a3-47e2-8f9c-bb49fc2ddbbe', 638, '2020-10-08 08:54:19',
        '2020-10-08 08:54:19'),
       (54, '5674839f-d0a3-47e2-8f9c-bb49fc2ddbbe', 1087, '2020-10-08 08:54:19',
        '2020-10-08 08:54:19'),
       (55, '5674839f-d0a3-47e2-8f9c-bb49fc2ddbbe', 639, '2020-10-08 08:54:19',
        '2020-10-08 08:54:19'),
       (56, '1293c11a-1b3e-47b8-a16e-ce0a8f055689', 22, '2020-10-08 08:54:20',
        '2020-10-08 08:54:20'),
       (57, '54e09b2d-e804-42ae-8693-dd66907bd6ed', 1125, '2020-10-08 08:54:21',
        '2020-10-08 08:54:21'),
       (58, '1332fe22-cf40-444c-9ef6-6df569e41612', 1125, '2020-10-08 08:54:22',
        '2020-10-08 08:54:22'),
       (59, '92e07348-d5bd-455f-80a7-d97958d2c02e', 1730, '2020-10-08 08:57:43',
        '2020-10-08 08:57:43'),
       (60, '0b3b1cc6-be98-4787-aa56-212259d811b9', 1731, '2020-10-08 08:57:44',
        '2020-10-08 08:57:44'),
       (61, 'e1fc5245-8497-4315-b610-667917cf3442', 1732, '2020-10-08 08:57:45',
        '2020-10-08 08:57:45'),
       (62, '66794732-8751-4a06-a786-4849375e8999', 1733, '2020-10-08 08:57:45',
        '2020-10-08 08:57:45'),
       (63, '0b3b1cc6-be98-4787-aa56-212259d811b9', 1, '2020-10-08 08:57:44',
        '2020-10-08 08:57:44');
INSERT INTO session (`id`, `user_id`, `consultant_id`, `consulting_type`, `message_date`,
                     `postcode`, `agency_id`, `rc_group_id`, `rc_feedback_group_id`, `status`,
                     `is_team_session`, `is_monitoring`, `create_date`, `update_date`)
VALUES (1, '1da238c6-cd46-4162-80f1-bff74eafe77f', '473f7c4b-f011-4fc2-847c-ceb636a5b399', 0,
        '2020-10-08 09:03:45', '12345', 1, '4WKq3kj9C7WESSQuK', 'E6FohkNfEDPY9bRXc', 2, 0, 1,
        '2020-10-08 09:03:45', '2020-10-08 09:03:45'),
       (2, '236b97bf-6cd7-434a-83f3-0a0b129dd45a', '75abe824-fb42-476d-a52a-66660113bdcc', 0,
        '2020-10-08 09:03:48', '12345', 0, 'DJrRTzFg8Ac2BqE8j', NULL, 2, 1, 1,
        '2020-10-08 09:03:47', '2020-10-08 09:03:48'),
       (3, 'a38983e3-43f7-49ac-ab61-18161fd45b69', 'bad14912-cf9f-4c16-9d0e-fe8ede9b60dc', 1,
        '2020-10-08 09:03:50', '12345', 121, 'z73epJCrora8rxEDz', 'E6FohkNfEDPY9bRXc', 2, 1, 1,
        '2020-10-08 09:03:49', '2020-10-28 13:35:44'),
       (4, '8b7312d6-910f-4d35-9d35-a9b09c9fde3a', 'f0327f55-a844-41b7-a72c-2716b259a41d', 2,
        '2020-10-08 09:03:51', '12345', 777, '6xvezDF22CZ8xakWJ', NULL, 2, 0, 0,
        '2020-10-08 09:03:51', '2020-10-08 09:03:51'),
       (5, 'd27afce4-b88f-4323-b968-e455914f8d7b', '2bbbdb50-94de-4d35-a0c4-a4e7450cf171', 2,
        '2020-10-08 09:03:53', '12345', 785, '3Qf7Ekprr35Fftw7C', NULL, 2, 1, 0,
        '2020-10-08 09:03:52', '2020-10-08 09:03:53'),
       (6, 'c68cb3db-4081-4e3e-bf50-a001fbc957e5', 'd67af4e4-0914-42ce-8c4c-b063e1ad78e6', 3,
        '2020-10-08 09:03:54', '12345', 310, 'shtDm5Pi75SRcKizb', NULL, 2, 0, 0,
        '2020-10-08 09:03:54', '2020-10-08 09:03:54'),
       (7, 'bc97a2c0-2811-462e-aa92-c9f61415ee2e', '330dd0a4-6728-453e-a6b7-3aa181cf0c72', 3,
        '2020-10-08 09:03:55', '12345', 469, '5dRMb5wdLAaXZj4r2', NULL, 2, 1, 0,
        '2020-10-08 09:03:55', '2020-10-08 09:03:55'),
       (8, '28cfd242-e4b2-411f-9a3d-3b1a9559d5be', '72efe24d-cf00-4889-a1e9-32a3855e001d', 4,
        '2020-10-08 09:03:57', '12345', 915, 'FhARsZ4G4ryu6ShER', NULL, 2, 0, 0,
        '2020-10-08 09:03:56', '2020-10-08 09:03:57'),
       (9, '8352ab20-e76e-4114-915f-6b18cdcd6002', '25cdfa46-6b91-4bea-bb48-ae69f6b6fbf4', 5,
        '2020-10-08 09:03:58', '12345', 719, 'dRt4kxy2FjE6ckge6', NULL, 2, 0, 0,
        '2020-10-08 09:03:57', '2020-10-08 09:03:58'),
       (10, 'bb9a4c21-9398-407a-b94d-743fdbea7e63', 'ac364ebc-5eaf-4f33-92c5-1e86b8a960c4', 5,
        '2020-10-08 09:04:00', '12345', 743, 'NwpGcuhgSR5mN3oka', NULL, 2, 1, 0,
        '2020-10-08 09:03:59', '2020-10-08 09:04:00'),
       (11, '8fb09067-a489-4a79-b342-d726c2a80d2b', '6cc9c3d3-69a5-468c-82dd-9d9f6ecd4d13', 6,
        '2020-10-08 09:04:01', '12345', 202, 'ZRLsW5R6j3W2eZxnq', NULL, 2, 0, 0,
        '2020-10-08 09:04:01', '2020-10-08 09:04:01'),
       (12, 'a63c4509-37e8-4851-b6dc-bcaa04ecf907', '5e4578c5-45c4-474a-9d70-7a6ef6b0c4f6', 6,
        '2020-10-08 09:04:02', '12345', 201, 'T4onLhkJu7Bi2j7Hx', NULL, 2, 1, 0,
        '2020-10-08 09:04:02', '2020-10-08 09:04:02'),
       (13, 'd0719b49-cc7e-4755-9052-a758fe8c8d85', 'fb77d849-470f-4cec-89ca-6aa673bacb88', 7,
        '2020-10-08 09:04:04', '12345', 1081, 'QBv2xym9qQ2DoAxkR', NULL, 2, 0, 0,
        '2020-10-08 09:04:04', '2020-10-08 09:04:04'),
       (14, '15acc30f-e7a8-4ea6-921e-0e2d3a17d546', '18e00fbd-c207-4967-b44a-1a55ffd0b71a', 7,
        '2020-10-08 09:04:05', '12345', 1087, 'BTctoaurFTFegQdD2', NULL, 2, 1, 0,
        '2020-10-08 09:04:05', '2020-10-08 09:04:05'),
       (15, '549c7519-7dab-4e61-b3b0-7ae0475090ab', '8d61e2f4-309f-4b8b-a261-a524694630e3', 8,
        '2020-10-08 09:04:07', '12345', 258, 'hcjBdWBKBsd54v4dK', NULL, 2, 0, 0,
        '2020-10-08 09:04:06', '2020-10-08 09:04:07'),
       (16, 'bf55e8c3-985a-483f-b079-1e468f451082', 'a1e3038c-e865-4399-afc6-a94f9de6917a', 8,
        '2020-10-08 09:04:08', '12345', 277, 'eSPRTfwH9daRTBDYs', NULL, 2, 1, 0,
        '2020-10-08 09:04:08', '2020-10-08 09:04:08'),
       (17, 'c1c229fd-bf08-451a-93f7-e047aaac34ae', '59664730-3b61-4b42-810c-d36d37a90386', 10,
        '2020-10-08 09:04:09', '12345', 662, 'qCAbsSGvjvoo8CE7q', NULL, 2, 0, 0,
        '2020-10-08 09:04:09', '2020-10-08 09:04:09'),
       (18, 'e99de411-c473-4103-aa00-2dbfab6d18b6', '5e1b28d9-c94d-4d5a-907d-3907392c4414', 10,
        '2020-10-08 09:04:11', '12345', 665, 'tszSRkYmyEMxQN4jY', NULL, 2, 1, 0,
        '2020-10-08 09:04:10', '2020-10-08 09:04:11'),
       (19, 'f7e7570a-3532-4c2d-a457-7b8834ea7977', '91f5662c-dfb1-40b6-8248-ebaa9d56ae7d', 9,
        '2020-10-08 09:04:12', '12345', 647, 'uxf46jsEeeuLSepqf', NULL, 2, 0, 0,
        '2020-10-08 09:04:11', '2020-10-08 09:04:12'),
       (20, 'ca5e3d47-b06a-4584-9508-a9c77557152c', '94c3e0b1-0677-4fd2-a7ea-56a71aefd0e8', 9,
        '2020-10-08 09:04:13', '12345', 639, 'oJ8qeKaxumNSLQQiq', NULL, 2, 1, 0,
        '2020-10-08 09:04:13', '2020-10-08 09:04:13'),
       (21, '7cf1adae-1b74-42d7-ba7f-25ae4a65c9d4', 'd6942312-752a-4c2f-8550-dcef7ae0f14a', 11,
        '2020-10-08 09:04:14', '12345', 257, 'q8jRKHsnpYDrAYfYw', NULL, 2, 0, 0,
        '2020-10-08 09:04:14', '2020-10-08 09:04:14'),
       (22, '729c7fe2-d08a-409f-bbfd-2991e7171c26', 'fb700f55-ba23-4e81-95c1-f7abbb236b95', 12,
        '2020-10-08 09:04:16', '12345', 200, '8BteohEsuuX7xLqwd', NULL, 2, 0, 0,
        '2020-10-08 09:04:15', '2020-10-08 09:04:16'),
       (23, '34a893e1-a088-4f74-a6cc-f82eafea767e', '9c2e8f93-25d0-418c-a7b2-a011443ef3ca', 13,
        '2020-10-08 09:04:17', '12345', 638, 'EjXztL9zNEXQcbiyF', NULL, 2, 1, 0,
        '2020-10-08 09:04:17', '2020-10-08 09:04:17'),
       (24, 'e179d5b6-c46e-4600-90a3-ae5c71455750', '147a152a-e33c-456a-8a05-7731f95520cf', 14,
        '2020-10-08 09:04:18', '12345', 474, 'hA672qxrRf9eXwfyg', NULL, 2, 0, 0,
        '2020-10-08 09:04:18', '2020-10-08 09:04:18'),
       (25, '6977c783-4b6d-415f-a885-4a0741f66498', '260061df-01c2-4c73-835d-9069a23ea671', 14,
        '2020-10-08 09:04:19', '12345', 634, '9csNYtKdNmPXBi45J', NULL, 2, 1, 0,
        '2020-10-08 09:04:19', '2020-10-08 09:04:19'),
       (26, 'e6df2553-db22-451e-b66b-9fe434803132', '1293c11a-1b3e-47b8-a16e-ce0a8f055689', 0,
        '2020-10-08 09:04:20', '12345', 22, 'PPGcPLbJq73qvyAkp', NULL, 2, 1, 1,
        '2020-10-08 09:04:20', '2020-10-08 09:04:20'),
       (27, 'a46f4d54-b9c6-427e-8b8c-b1687da833c4', '1293c11a-1b3e-47b8-a16e-ce0a8f055689', 0,
        '2020-10-08 09:04:22', '12345', 22, 'u3EDwNzcduy354pEa', NULL, 2, 1, 1,
        '2020-10-08 09:04:21', '2020-10-08 09:04:22'),
       (28, '4f39a7d3-8360-4bd4-8808-89986fd3e0f1', '1293c11a-1b3e-47b8-a16e-ce0a8f055689', 0,
        '2020-10-08 09:04:23', '12345', 22, 'FdsrLcLR2XZ6GB8LF', NULL, 2, 1, 1,
        '2020-10-08 09:04:23', '2020-10-08 09:04:23'),
       (29, '149c8359-84e9-4ffe-b8c7-ac5bdba43d38', '1293c11a-1b3e-47b8-a16e-ce0a8f055689', 0,
        '2020-10-08 09:04:24', '12345', 22, 'eoHPajr8Sxz6kC4Mg', NULL, 2, 1, 1,
        '2020-10-08 09:04:24', '2020-10-08 09:04:24'),
       (30, '487c4c7d-3021-427f-8969-cc360069ea24', '1293c11a-1b3e-47b8-a16e-ce0a8f055689', 0,
        '2020-10-08 09:04:25', '12345', 22, 's9ESvoGR8wC88dWZH', NULL, 2, 1, 1,
        '2020-10-08 09:04:25', '2020-10-08 09:04:25'),
       (31, 'b80701f9-edd4-4231-9b5e-d18eff99f139', '1293c11a-1b3e-47b8-a16e-ce0a8f055689', 0,
        '2020-10-08 09:04:27', '12345', 22, 'P4jpP9zFkK35qx6ZE', NULL, 2, 1, 1,
        '2020-10-08 09:04:27', '2020-10-08 09:04:27'),
       (32, '08fbf86d-182c-4bbc-9646-d3707292aeee', '1293c11a-1b3e-47b8-a16e-ce0a8f055689', 0,
        '2020-10-08 09:04:28', '12345', 22, 'CvpmZSTDnqzYwijHB', NULL, 2, 1, 1,
        '2020-10-08 09:04:28', '2020-10-08 09:04:28'),
       (33, 'b4059586-22d1-4d45-aa45-454db959fa50', '1293c11a-1b3e-47b8-a16e-ce0a8f055689', 0,
        '2020-10-08 09:04:29', '12345', 22, 'LoMazYaeXjEfMoSbW', NULL, 2, 1, 1,
        '2020-10-08 09:04:29', '2020-10-08 09:04:29'),
       (34, '5ab6ef5d-b0b2-4a8d-96c8-1a9ffa3317c9', '1293c11a-1b3e-47b8-a16e-ce0a8f055689', 0,
        '2020-10-08 09:04:31', '12345', 22, 'BkFpKQBboryTGE4Gp', NULL, 2, 1, 1,
        '2020-10-08 09:04:30', '2020-10-08 09:04:31'),
       (35, 'fda9a0a1-c936-45ee-9141-d73dfc0a3348', '1293c11a-1b3e-47b8-a16e-ce0a8f055689', 0,
        '2020-10-08 09:04:32', '12345', 22, '65TJ2yLBQZ6qXwrfw', NULL, 2, 1, 1,
        '2020-10-08 09:04:32', '2020-10-08 09:04:32'),
       (36, '2b0b48f9-5ed3-47de-9c85-10ca698c83cf', '1293c11a-1b3e-47b8-a16e-ce0a8f055689', 0,
        '2020-10-08 09:04:33', '12345', 22, '3v8gRXAniiSy94dWx', NULL, 2, 1, 1,
        '2020-10-08 09:04:33', '2020-10-08 09:04:33'),
       (37, '47800d19-7974-41b8-ac32-fde0069b2e81', '1293c11a-1b3e-47b8-a16e-ce0a8f055689', 0,
        '2020-10-08 09:04:34', '12345', 22, 'jvuAK4PL45kKJLXsc', NULL, 2, 1, 1,
        '2020-10-08 09:04:34', '2020-10-08 09:04:34'),
       (38, '373b5993-69e6-4e77-8a9f-9fbdeac5f7f1', '1293c11a-1b3e-47b8-a16e-ce0a8f055689', 0,
        '2020-10-08 09:04:35', '12345', 22, 'GYgczWy7d6KsT7SKT', NULL, 2, 1, 1,
        '2020-10-08 09:04:35', '2020-10-08 09:04:35'),
       (39, '655a0dd9-c372-4eb7-91db-ff7ade89c1a0', '1293c11a-1b3e-47b8-a16e-ce0a8f055689', 0,
        '2020-10-08 09:04:37', '12345', 22, 'tMPTCn7idau4TDCEt', NULL, 2, 1, 1,
        '2020-10-08 09:04:36', '2020-10-08 09:04:37'),
       (40, '0cc66af0-1ccc-4b1f-a1b6-be0c993a764d', '1293c11a-1b3e-47b8-a16e-ce0a8f055689', 0,
        '2020-10-08 09:04:38', '12345', 22, 'rvhrgk9tnp7FiECCh', NULL, 2, 1, 1,
        '2020-10-08 09:04:37', '2020-10-08 09:04:38'),
       (41, '89166257-d326-4bc7-bfd9-aee1fb2ac37b', '1293c11a-1b3e-47b8-a16e-ce0a8f055689', 0,
        '2020-10-08 09:04:39', '12345', 22, 'YYH5KxPKquxgEYdct', NULL, 2, 1, 1,
        '2020-10-08 09:04:39', '2020-10-08 09:04:39'),
       (42, 'd340dd99-62af-4831-9676-882f7cf2b392', '1293c11a-1b3e-47b8-a16e-ce0a8f055689', 0,
        '2020-10-08 09:04:40', '12345', 22, 'ZnRTAfCZbE65xc54X', NULL, 2, 1, 1,
        '2020-10-08 09:04:40', '2020-10-08 09:04:40'),
       (43, 'fa805afe-7439-4ae6-929c-b7e8334b1ec3', '1293c11a-1b3e-47b8-a16e-ce0a8f055689', 0,
        '2020-10-08 09:04:41', '12345', 22, 'KYTbkKJyZMa593WMe', NULL, 2, 1, 1,
        '2020-10-08 09:04:41', '2020-10-08 09:04:41'),
       (44, '72d64de8-f656-4a88-b9f4-c708a452660f', '1293c11a-1b3e-47b8-a16e-ce0a8f055689', 0,
        '2020-10-08 09:04:43', '12345', 22, 'vuiXbEBeHdLJa9RfA', NULL, 2, 1, 1,
        '2020-10-08 09:04:42', '2020-10-08 09:04:43'),
       (45, 'a1632507-6697-4cbc-bde5-e714c015b19c', '1293c11a-1b3e-47b8-a16e-ce0a8f055689', 0,
        '2020-10-08 09:04:44', '12345', 22, 'X6oSFTP4TZjgEg2Ws', NULL, 2, 1, 1,
        '2020-10-08 09:04:44', '2020-10-08 09:04:44'),
       (46, 'fc19d6a9-f9ba-40c7-bfae-2883b6d56a3a', '1293c11a-1b3e-47b8-a16e-ce0a8f055689', 0,
        '2020-10-08 09:04:45', '12345', 22, 'qj3Kq9NfMYZ7K4Kyn', NULL, 2, 1, 1,
        '2020-10-08 09:04:45', '2020-10-08 09:04:45'),
       (47, '3fe6ebad-60dc-42dc-a1e1-319822b3e712', '1293c11a-1b3e-47b8-a16e-ce0a8f055689', 0,
        '2020-10-08 09:04:46', '12345', 22, 'g5PKzmPwAfhdk2o7b', NULL, 2, 1, 1,
        '2020-10-08 09:04:46', '2020-10-08 09:04:46'),
       (48, 'be1824ea-c686-4af1-873d-c26cbc715689', '1293c11a-1b3e-47b8-a16e-ce0a8f055689', 0,
        '2020-10-08 09:04:47', '12345', 22, 'mu4HGGRYyYtYwBB95', NULL, 2, 1, 1,
        '2020-10-08 09:04:47', '2020-10-08 09:04:47'),
       (49, '47fd4752-7abf-4205-be29-119978588cc3', '1293c11a-1b3e-47b8-a16e-ce0a8f055689', 0,
        '2020-10-08 09:04:49', '12345', 22, 'dD9M7h9jYKyhyh9Fv', NULL, 2, 1, 1,
        '2020-10-08 09:04:48', '2020-10-08 09:04:49'),
       (50, 'e8f9cabb-29bf-4b98-bf8f-efbe7cfd1c5c', '1293c11a-1b3e-47b8-a16e-ce0a8f055689', 0,
        '2020-10-08 09:04:50', '12345', 22, 'phh3rWWuJkdha3HWN', NULL, 2, 1, 1,
        '2020-10-08 09:04:49', '2020-10-08 09:04:50'),
       (51, '1e2af8ce-8605-4b8d-8e56-347edc36682c', '1293c11a-1b3e-47b8-a16e-ce0a8f055689', 0,
        '2020-10-08 09:04:51', '12345', 22, 'yFgsthdFZbTbjd9yF', NULL, 2, 1, 1,
        '2020-10-08 09:04:51', '2020-10-08 09:04:51'),
       (52, '739fa1e1-9ee5-4710-8167-a12057e9f627', '1293c11a-1b3e-47b8-a16e-ce0a8f055689', 0,
        '2020-10-08 09:04:53', '12345', 22, 'yEXszn6LP83QnBLZp', NULL, 2, 1, 1,
        '2020-10-08 09:04:53', '2020-10-08 09:04:53'),
       (53, '41dafd8f-bea5-45ec-b77b-512a6da2e274', '1293c11a-1b3e-47b8-a16e-ce0a8f055689', 0,
        '2020-10-08 09:04:54', '12345', 22, 'tQrFT5eitt9AKTK7J', NULL, 2, 1, 1,
        '2020-10-08 09:04:54', '2020-10-08 09:04:54'),
       (54, '98367c80-b430-44de-9db4-ad60a146e169', '1293c11a-1b3e-47b8-a16e-ce0a8f055689', 0,
        '2020-10-08 09:04:56', '12345', 22, 's24f6xKAAy6H2Kd7R', NULL, 2, 1, 1,
        '2020-10-08 09:04:55', '2020-10-08 09:04:56'),
       (55, 'd5b81259-bea7-455a-b112-b53706cbf38f', '1293c11a-1b3e-47b8-a16e-ce0a8f055689', 0,
        '2020-10-08 09:04:57', '12345', 22, 'Y5a8LRpN2y44TjeA8', NULL, 2, 1, 1,
        '2020-10-08 09:04:56', '2020-10-08 09:04:57'),
       (56, '2d6ad34c-86af-49b5-be9a-c89b99e30b92', '1293c11a-1b3e-47b8-a16e-ce0a8f055689', 0,
        '2020-10-08 09:04:58', '12345', 22, '4drambM3xsLN2Kgvz', NULL, 2, 1, 1,
        '2020-10-08 09:04:58', '2020-10-08 09:04:58'),
       (57, 'c71d361b-59d5-42c6-99b2-aa99070d0fa0', '1293c11a-1b3e-47b8-a16e-ce0a8f055689', 0,
        '2020-10-08 09:04:59', '12345', 22, 'xWcfLE9B7rZ6rTQ9e', NULL, 2, 1, 1,
        '2020-10-08 09:04:59', '2020-10-08 09:04:59'),
       (58, 'd716bdb7-3dd8-4b01-9f9b-7b7b214c8a71', '1293c11a-1b3e-47b8-a16e-ce0a8f055689', 0,
        '2020-10-08 09:05:00', '12345', 22, 'Jx8b8Lri7w6Cc7B49', NULL, 2, 1, 1,
        '2020-10-08 09:05:00', '2020-10-08 09:05:00'),
       (59, 'de94d670-4ce0-4f42-8465-65416002d67b', '1293c11a-1b3e-47b8-a16e-ce0a8f055689', 0,
        '2020-10-08 09:05:01', '12345', 22, 'GFZ8jCzwiMdFYrpvj', NULL, 2, 1, 1,
        '2020-10-08 09:05:01', '2020-10-08 09:05:01'),
       (60, 'ef3db553-09e7-4e65-bedc-c091224889eb', '1293c11a-1b3e-47b8-a16e-ce0a8f055689', 0,
        '2020-10-08 09:05:02', '12345', 22, '3rjiknob2HC9Hwxee', NULL, 2, 1, 1,
        '2020-10-08 09:05:02', '2020-10-08 09:05:02'),
       (61, '8df2f0d8-281b-419c-9a59-8447b9cb6715', '1293c11a-1b3e-47b8-a16e-ce0a8f055689', 0,
        '2020-10-08 09:05:04', '12345', 22, 'BdnrThcsxq5TYC8ap', NULL, 2, 1, 1,
        '2020-10-08 09:05:03', '2020-10-08 09:05:04'),
       (62, '53367742-751f-4be0-b8f0-20acd2fbb5dc', '1293c11a-1b3e-47b8-a16e-ce0a8f055689', 0,
        '2020-10-08 09:05:05', '12345', 22, 'tL2ozhW7qiSMyGTbq', NULL, 2, 1, 1,
        '2020-10-08 09:05:04', '2020-10-08 09:05:05'),
       (63, '07e7a037-d279-4ecf-b6d1-6fb4f7c53229', '1293c11a-1b3e-47b8-a16e-ce0a8f055689', 0,
        '2020-10-08 09:05:06', '12345', 22, 'kNZE8a3RKbHHnEngX', NULL, 2, 1, 1,
        '2020-10-08 09:05:06', '2020-10-08 09:05:06'),
       (64, 'c74571d2-8b8b-4233-b599-4d152a4a4e48', '1293c11a-1b3e-47b8-a16e-ce0a8f055689', 0,
        '2020-10-08 09:05:07', '12345', 22, 'Gk2YpLSWpvJxDnokJ', NULL, 2, 1, 1,
        '2020-10-08 09:05:07', '2020-10-08 09:05:07'),
       (65, 'e838f22c-75a8-45cb-8ee6-91ca3153b2ea', '1293c11a-1b3e-47b8-a16e-ce0a8f055689', 0,
        '2020-10-08 09:05:09', '12345', 22, '37R8TtqKXZZ2cCMfZ', NULL, 2, 1, 1,
        '2020-10-08 09:05:08', '2020-10-08 09:05:09'),
       (66, 'b7d74ad3-7361-42be-8d34-81bc44f2f903', '1293c11a-1b3e-47b8-a16e-ce0a8f055689', 0,
        '2020-10-08 09:05:10', '12345', 22, 'HJMESWC5rNz6HrDqE', NULL, 2, 1, 1,
        '2020-10-08 09:05:09', '2020-10-08 09:05:10'),
       (67, '84edf163-cf96-4d20-a0e6-8d14328bd70d', '1293c11a-1b3e-47b8-a16e-ce0a8f055689', 0,
        '2020-10-08 09:05:11', '12345', 22, '4SWWEYhsofGuFYPyT', NULL, 2, 1, 1,
        '2020-10-08 09:05:10', '2020-10-08 09:05:11'),
       (68, '81bea0a7-326b-4554-8196-d0eb93da123c', '1293c11a-1b3e-47b8-a16e-ce0a8f055689', 0,
        '2020-10-08 09:05:12', '12345', 22, 'vJxNGRmyxYTrq3oZS', NULL, 2, 1, 1,
        '2020-10-08 09:05:12', '2020-10-08 09:05:12'),
       (69, 'aeafa0c1-3e8c-4285-aa9f-dcf281cdd7f3', '1293c11a-1b3e-47b8-a16e-ce0a8f055689', 0,
        '2020-10-08 09:05:13', '12345', 22, 'ZWWsgWuD8nCqYM47X', NULL, 2, 1, 1,
        '2020-10-08 09:05:13', '2020-10-08 09:05:13'),
       (70, '97ff8289-a59a-4f7f-afb4-bfeb2acfe3c1', '1293c11a-1b3e-47b8-a16e-ce0a8f055689', 0,
        '2020-10-08 09:05:14', '12345', 22, 'w7LxmaFMq6oWBLXi6', NULL, 2, 1, 1,
        '2020-10-08 09:05:14', '2020-10-08 09:05:14'),
       (71, '5531a46e-131d-42b1-b426-12c3b720af72', '1293c11a-1b3e-47b8-a16e-ce0a8f055689', 0,
        '2020-10-08 09:05:16', '12345', 22, 'uiDtGADWda77skG94', NULL, 2, 1, 1,
        '2020-10-08 09:05:15', '2020-10-08 09:05:16'),
       (72, '620edd83-2b6d-4185-b4a5-8e976b8f87b2', '1293c11a-1b3e-47b8-a16e-ce0a8f055689', 0,
        '2020-10-08 09:05:17', '12345', 22, 'Q2LKooKamQhvX6WeZ', NULL, 2, 1, 1,
        '2020-10-08 09:05:16', '2020-10-08 09:05:17'),
       (73, 'b5133bd8-e53e-4db9-a38d-2f825587313d', '1293c11a-1b3e-47b8-a16e-ce0a8f055689', 0,
        '2020-10-08 09:05:18', '12345', 22, 'GNF9xMnCuvtuHnFk2', NULL, 2, 1, 1,
        '2020-10-08 09:05:18', '2020-10-08 09:05:18'),
       (74, '6185408c-a63c-40d1-9531-0e28cec04ec0', '1293c11a-1b3e-47b8-a16e-ce0a8f055689', 0,
        '2020-10-08 09:05:19', '12345', 22, 'paRARjivBWdY6wt3A', NULL, 2, 1, 1,
        '2020-10-08 09:05:19', '2020-10-08 09:05:19'),
       (75, 'b4ad2528-280f-4865-9f30-1a63e1feb261', '1293c11a-1b3e-47b8-a16e-ce0a8f055689', 0,
        '2020-10-08 09:05:20', '12345', 22, 'yfekyKdeR7bJhkZY6', NULL, 2, 1, 1,
        '2020-10-08 09:05:20', '2020-10-08 09:05:20'),
       (76, '22737f02-0749-467e-8a51-7c751d20ca05', '1293c11a-1b3e-47b8-a16e-ce0a8f055689', 0,
        '2020-10-08 09:05:21', '12345', 22, 'DupwZGz6P4WiQHPHD', NULL, 2, 1, 1,
        '2020-10-08 09:05:21', '2020-10-08 09:05:21'),
       (77, '0b198be7-368a-478a-8c7c-0ea381caeba4', '1293c11a-1b3e-47b8-a16e-ce0a8f055689', 0,
        '2020-10-08 09:05:23', '12345', 22, '7WZKC5tARpGKuxrSg', NULL, 2, 1, 1,
        '2020-10-08 09:05:22', '2020-10-08 09:05:23'),
       (78, 'e5d4b473-d124-40bf-b169-c12c61911166', '1293c11a-1b3e-47b8-a16e-ce0a8f055689', 0,
        '2020-10-08 09:05:24', '12345', 22, 'Nc5mgAH8oXEHc3Tfq', NULL, 2, 1, 1,
        '2020-10-08 09:05:23', '2020-10-08 09:05:24'),
       (79, '52889f42-7866-49d7-bd47-dd744058f6f3', '1293c11a-1b3e-47b8-a16e-ce0a8f055689', 0,
        '2020-10-08 09:05:25', '12345', 22, 'dryvBGmwQfQjkS9d7', NULL, 2, 1, 1,
        '2020-10-08 09:05:25', '2020-10-08 09:05:25'),
       (80, '461afff4-2bbd-45d4-80aa-64a20b09f9b7', '1293c11a-1b3e-47b8-a16e-ce0a8f055689', 0,
        '2020-10-08 09:05:26', '12345', 22, 'rZ6jWhTf5qvHz5L22', NULL, 2, 1, 1,
        '2020-10-08 09:05:26', '2020-10-08 09:05:26'),
       (81, '1d0a5771-a38d-4e7d-a546-28262f9f4176', '1293c11a-1b3e-47b8-a16e-ce0a8f055689', 0,
        '2020-10-08 09:05:27', '12345', 22, 'LhLPRMaAM6giPNKgF', NULL, 2, 1, 1,
        '2020-10-08 09:05:27', '2020-10-08 09:05:27'),
       (82, '92d46a1f-e37e-479b-b808-00f54c622cd2', '1293c11a-1b3e-47b8-a16e-ce0a8f055689', 0,
        '2020-10-08 09:05:29', '12345', 22, 'fp5o9dZ5RRn52nCTL', NULL, 2, 1, 1,
        '2020-10-08 09:05:28', '2020-10-08 09:05:29'),
       (83, '497e29c1-63d7-4ee3-9fa3-6c5de0ec1b55', '1293c11a-1b3e-47b8-a16e-ce0a8f055689', 0,
        '2020-10-08 09:05:30', '12345', 22, 'vXDyC5eMh9JWkoW8K', NULL, 2, 1, 1,
        '2020-10-08 09:05:30', '2020-10-08 09:05:30'),
       (84, '5bb9eb2a-afb9-4b27-aff3-511d7977e24c', '1293c11a-1b3e-47b8-a16e-ce0a8f055689', 0,
        '2020-10-08 09:05:31', '12345', 22, 'PXDqqcvyXRB9kqSza', NULL, 2, 1, 1,
        '2020-10-08 09:05:31', '2020-10-08 09:05:31'),
       (85, '8a08d08d-f5c4-409f-a597-490678f948c1', '1293c11a-1b3e-47b8-a16e-ce0a8f055689', 0,
        '2020-10-08 09:05:32', '12345', 22, 'SgqX2Dop3jRyop8T8', NULL, 2, 1, 1,
        '2020-10-08 09:05:32', '2020-10-08 09:05:32'),
       (86, '087f20e2-426d-4d8e-a97e-15724217815a', '1293c11a-1b3e-47b8-a16e-ce0a8f055689', 0,
        '2020-10-08 09:05:34', '12345', 22, 'GeZdct8JSAmMgaa9b', NULL, 2, 1, 1,
        '2020-10-08 09:05:33', '2020-10-08 09:05:34'),
       (87, 'e0b22e51-04e2-473b-962d-64d43a4fae16', '1293c11a-1b3e-47b8-a16e-ce0a8f055689', 0,
        '2020-10-08 09:05:35', '12345', 22, 'aZRKYwC8s2TrNafQA', NULL, 2, 1, 1,
        '2020-10-08 09:05:34', '2020-10-08 09:05:35'),
       (88, '4c71c9f5-f041-40fe-8d19-cd6801efb41c', '1293c11a-1b3e-47b8-a16e-ce0a8f055689', 0,
        '2020-10-08 09:05:36', '12345', 22, 'DFGE3G3CbzzWpyQBF', NULL, 2, 1, 1,
        '2020-10-08 09:05:36', '2020-10-08 09:05:36'),
       (89, 'abb9bf86-a5ac-4727-a9c2-e4962fe09681', '1293c11a-1b3e-47b8-a16e-ce0a8f055689', 0,
        '2020-10-08 09:05:37', '12345', 22, 'njsmQRX7YhDGEvg9Z', NULL, 2, 1, 1,
        '2020-10-08 09:05:37', '2020-10-08 09:05:37'),
       (90, '6fd1c97d-dfe6-45de-8e48-d7a44dad5f85', '1293c11a-1b3e-47b8-a16e-ce0a8f055689', 0,
        '2020-10-08 09:05:39', '12345', 22, 'uHhxAohRdyg3vE2Bf', NULL, 2, 1, 1,
        '2020-10-08 09:05:38', '2020-10-08 09:05:39'),
       (91, 'de46fedb-4138-4862-9e0a-452e920840d1', '1293c11a-1b3e-47b8-a16e-ce0a8f055689', 0,
        '2020-10-08 09:05:40', '12345', 22, 'cSxvuix7umC4MFzm8', NULL, 2, 1, 1,
        '2020-10-08 09:05:40', '2020-10-08 09:05:40'),
       (92, 'cf2039ec-0eef-4805-8a14-2c2acffc2e3f', '1293c11a-1b3e-47b8-a16e-ce0a8f055689', 0,
        '2020-10-08 09:05:41', '12345', 22, 'bYiFnfAS28z4ZdxP7', NULL, 2, 1, 1,
        '2020-10-08 09:05:41', '2020-10-08 09:05:41'),
       (93, 'ce9ca5e1-b0a2-4200-b764-2eb39a16a377', '1293c11a-1b3e-47b8-a16e-ce0a8f055689', 0,
        '2020-10-08 09:05:42', '12345', 22, '7scmwTeWFojDxfQpd', NULL, 2, 1, 1,
        '2020-10-08 09:05:42', '2020-10-08 09:05:42'),
       (94, '4f0a33f3-3a3d-45d8-90c1-83963fd5727c', '1293c11a-1b3e-47b8-a16e-ce0a8f055689', 0,
        '2020-10-08 09:05:44', '12345', 22, 'MjxRNAjsy6sakDLPj', NULL, 2, 1, 1,
        '2020-10-08 09:05:43', '2020-10-08 09:05:44'),
       (95, '679b6688-2b2b-43ff-af7a-873d9be81523', '1293c11a-1b3e-47b8-a16e-ce0a8f055689', 0,
        '2020-10-08 09:05:45', '12345', 22, 'gfr3Co5A7KtuwRtSe', NULL, 2, 1, 1,
        '2020-10-08 09:05:44', '2020-10-08 09:05:45'),
       (96, '6ddc65e1-b78c-4036-af8b-d70190e52ddb', '1293c11a-1b3e-47b8-a16e-ce0a8f055689', 0,
        '2020-10-08 09:05:46', '12345', 22, 'hkqramhsDnJMYwMmr', NULL, 2, 1, 1,
        '2020-10-08 09:05:46', '2020-10-08 09:05:46'),
       (97, '015d013d-95e7-4e91-85b5-12cdb3d317f3', '1293c11a-1b3e-47b8-a16e-ce0a8f055689', 0,
        '2020-10-08 09:05:47', '12345', 22, 'o7Pquje4twR2JXv6T', NULL, 2, 1, 1,
        '2020-10-08 09:05:47', '2020-10-08 09:05:47'),
       (98, '3920f1d9-872f-4ebb-adc5-86ab55005c3b', '1293c11a-1b3e-47b8-a16e-ce0a8f055689', 0,
        '2020-10-08 09:05:49', '12345', 22, 'tqMTRiiTTH8G7g5oN', NULL, 2, 1, 1,
        '2020-10-08 09:05:48', '2020-10-08 09:05:49'),
       (99, '242521b6-7fe0-4441-911a-1ea499fb6a68', '1293c11a-1b3e-47b8-a16e-ce0a8f055689', 0,
        '2020-10-08 09:05:50', '12345', 22, 'rAiKzcrkxv9ijkDr4', NULL, 2, 1, 1,
        '2020-10-08 09:05:50', '2020-10-08 09:05:50'),
       (100, '392e749b-c5d6-4801-a8b4-f9891a9063a9', '1293c11a-1b3e-47b8-a16e-ce0a8f055689', 0,
        '2020-10-08 09:05:51', '12345', 22, 'j5gNEd7opP8SZJhaY', NULL, 2, 1, 1,
        '2020-10-08 09:05:51', '2020-10-08 09:05:51'),
       (101, 'a42809ea-3880-432e-95a2-c757df3e7712', '1293c11a-1b3e-47b8-a16e-ce0a8f055689', 0,
        '2020-10-08 09:05:53', '12345', 22, 'gYnPXgwbQX6kGeJ6A', NULL, 2, 1, 1,
        '2020-10-08 09:05:52', '2020-10-08 09:05:53'),
       (102, '9113d9c7-d8de-402f-82a9-5276af7a8e34', '1293c11a-1b3e-47b8-a16e-ce0a8f055689', 0,
        '2020-10-08 09:05:54', '12345', 22, 'yGjDfD2ce2qRGzmyx', NULL, 2, 1, 1,
        '2020-10-08 09:05:53', '2020-10-08 09:05:54'),
       (103, '17614453-af19-4a63-81bd-e8557a71206c', '1293c11a-1b3e-47b8-a16e-ce0a8f055689', 0,
        '2020-10-08 09:05:55', '12345', 22, '6f2aGGHG4wCjJnL5M', NULL, 2, 1, 1,
        '2020-10-08 09:05:55', '2020-10-08 09:05:55'),
       (104, '84fffb36-aa48-43ad-ab7f-571f86c1690a', '1293c11a-1b3e-47b8-a16e-ce0a8f055689', 0,
        '2020-10-08 09:05:56', '12345', 22, 'uaNcspp4SbkpaP5nA', NULL, 2, 1, 1,
        '2020-10-08 09:05:56', '2020-10-08 09:05:56'),
       (105, 'f55104c2-7358-4c2d-bebc-d7398e2029d3', '1293c11a-1b3e-47b8-a16e-ce0a8f055689', 0,
        '2020-10-08 09:05:57', '12345', 22, 'BPBabPPsjXaKGvRKT', NULL, 2, 1, 1,
        '2020-10-08 09:05:57', '2020-10-08 09:05:57'),
       (106, '09cf881e-1f64-498b-bce3-0ca4f939a864', '1293c11a-1b3e-47b8-a16e-ce0a8f055689', 0,
        '2020-10-08 09:05:59', '12345', 22, 'ACmCrTYfPXsq5LFb9', NULL, 2, 1, 1,
        '2020-10-08 09:05:58', '2020-10-08 09:05:59'),
       (107, 'c32950a8-b69e-4c48-8d34-831dfc25e1b3', '1293c11a-1b3e-47b8-a16e-ce0a8f055689', 0,
        '2020-10-08 09:06:00', '12345', 22, 'bpYT46hjeLGgaAJKM', NULL, 2, 1, 1,
        '2020-10-08 09:05:59', '2020-10-08 09:06:00'),
       (108, '8aa757e8-5ca4-4e22-b36a-105d0d4c2b6d', '1293c11a-1b3e-47b8-a16e-ce0a8f055689', 0,
        '2020-10-08 09:06:01', '12345', 22, 'QFGvregnGg64BkgBg', NULL, 2, 1, 1,
        '2020-10-08 09:06:00', '2020-10-08 09:06:01'),
       (109, '24874d74-acfb-4ae4-a853-d01c66cd93aa', '1293c11a-1b3e-47b8-a16e-ce0a8f055689', 0,
        '2020-10-08 09:06:02', '12345', 22, 'DBJJ47JvLS84eJwGm', NULL, 2, 1, 1,
        '2020-10-08 09:06:02', '2020-10-08 09:06:02'),
       (110, 'b0d50e77-5a91-47ea-9d32-a634c1828ba6', '1293c11a-1b3e-47b8-a16e-ce0a8f055689', 0,
        '2020-10-08 09:06:03', '12345', 22, 'fhSJLHSeiLD7Cayg9', NULL, 2, 1, 1,
        '2020-10-08 09:06:03', '2020-10-08 09:06:03'),
       (111, '9c4b5470-ac4f-476e-b684-7c1930df51c5', '1293c11a-1b3e-47b8-a16e-ce0a8f055689', 0,
        '2020-10-08 09:06:05', '12345', 22, 'sEkvdrnLn7zMo4qq7', NULL, 2, 1, 1,
        '2020-10-08 09:06:05', '2020-10-08 09:06:05'),
       (112, 'ece53279-1305-46e6-8d41-65a66ef10416', '1293c11a-1b3e-47b8-a16e-ce0a8f055689', 0,
        '2020-10-08 09:06:06', '12345', 22, 'WvDdFm33gbDrMTDPh', NULL, 2, 1, 1,
        '2020-10-08 09:06:06', '2020-10-08 09:06:06'),
       (113, 'e058b3fd-04e6-40d9-a1ef-0e32eba5bc9a', '1293c11a-1b3e-47b8-a16e-ce0a8f055689', 0,
        '2020-10-08 09:06:07', '12345', 22, 'hDYdiayZxSHBofb4Q', NULL, 2, 1, 1,
        '2020-10-08 09:06:07', '2020-10-08 09:06:07'),
       (114, 'ada498f6-29d4-4d01-8749-e2f6ec4d58ca', '1293c11a-1b3e-47b8-a16e-ce0a8f055689', 0,
        '2020-10-08 09:06:09', '12345', 22, 'J7ongNH8n5289CQcW', NULL, 2, 1, 1,
        '2020-10-08 09:06:08', '2020-10-08 09:06:09'),
       (115, '6197172d-2200-4b2c-8abc-74c54dd248a2', '1293c11a-1b3e-47b8-a16e-ce0a8f055689', 0,
        '2020-10-08 09:06:10', '12345', 22, 'mmYnSzBA7qwAekP9D', NULL, 2, 1, 1,
        '2020-10-08 09:06:09', '2020-10-08 09:06:10'),
       (116, 'a70122e6-c1c1-41ed-80fe-e7021b75649c', '1293c11a-1b3e-47b8-a16e-ce0a8f055689', 0,
        '2020-10-08 09:06:11', '12345', 22, 'QLfco43bL3ynFu7Wx', NULL, 2, 1, 1,
        '2020-10-08 09:06:11', '2020-10-08 09:06:11'),
       (117, 'fc0264d1-5b49-4993-89cf-6f71fbf3850a', '1293c11a-1b3e-47b8-a16e-ce0a8f055689', 0,
        '2020-10-08 09:06:12', '12345', 22, 'PgqGk4osj9e8k9DLb', NULL, 2, 1, 1,
        '2020-10-08 09:06:12', '2020-10-08 09:06:13'),
       (118, '4f8a3ee6-9a40-49a0-81f2-9b2791e7262a', '1293c11a-1b3e-47b8-a16e-ce0a8f055689', 0,
        '2020-10-08 09:06:14', '12345', 22, 'xvkFMEWRKpqpZNooD', NULL, 2, 1, 1,
        '2020-10-08 09:06:13', '2020-10-08 09:06:14'),
       (119, '892c6250-94ad-4d2d-8b3d-91f41fe37e34', '1293c11a-1b3e-47b8-a16e-ce0a8f055689', 0,
        '2020-10-08 09:06:15', '12345', 22, 'DTZfHvsJA8ratDGsL', NULL, 2, 1, 1,
        '2020-10-08 09:06:15', '2020-10-08 09:06:15'),
       (120, 'eba13c5e-091e-4ada-b8e6-f6d765a4b659', '1293c11a-1b3e-47b8-a16e-ce0a8f055689', 0,
        '2020-10-08 09:06:17', '12345', 22, 'cZQ5qCsBTpiB5Xhe8', NULL, 2, 1, 1,
        '2020-10-08 09:06:16', '2020-10-08 09:06:17'),
       (121, 'e084e40d-87de-460c-b955-0f4fc44b2d34', '1293c11a-1b3e-47b8-a16e-ce0a8f055689', 0,
        '2020-10-08 09:06:18', '12345', 22, '8gsrNCHGAzdFqKQPN', NULL, 2, 1, 1,
        '2020-10-08 09:06:18', '2020-10-08 09:06:18'),
       (122, '683435b1-18cb-4ee4-a405-a23b1153ee11', '1293c11a-1b3e-47b8-a16e-ce0a8f055689', 0,
        '2020-10-08 09:06:19', '12345', 22, 'nkBnEpkejGQqgc7eF', NULL, 2, 1, 1,
        '2020-10-08 09:06:19', '2020-10-08 09:06:19'),
       (123, 'df5a2183-461e-4797-af41-4947d6207369', '1293c11a-1b3e-47b8-a16e-ce0a8f055689', 0,
        '2020-10-08 09:06:20', '12345', 22, 'BXJm3GBGN7RDw5EkF', NULL, 2, 1, 1,
        '2020-10-08 09:06:20', '2020-10-08 09:06:20'),
       (124, 'c0db8283-eb25-478a-af35-a84276e46ede', '1293c11a-1b3e-47b8-a16e-ce0a8f055689', 0,
        '2020-10-08 09:06:21', '12345', 22, 'ifrBiddZo7Wsf73p4', NULL, 2, 1, 1,
        '2020-10-08 09:06:21', '2020-10-08 09:06:21'),
       (125, '12432b57-0b50-4467-af36-ba8ec88ab156', '1293c11a-1b3e-47b8-a16e-ce0a8f055689', 0,
        '2020-10-08 09:06:22', '12345', 22, 'bPSsHgRNm9vPsPdpk', NULL, 2, 1, 1,
        '2020-10-08 09:06:22', '2020-10-08 09:06:22'),
       (200, 'b35fe70d-e832-4c7d-9758-db9b049400c5', NULL, 0, NULL, '88214', 15, NULL, NULL, 0, 0,
        1, '2020-10-13 07:12:18', '2020-10-13 07:12:18'),
       (201, '552d3f10-1b6d-47ee-aec5-b88fbf988f9e', NULL, 0, NULL, '88214', 15, NULL, NULL, 0, 0,
        1, '2020-10-14 06:08:46', '2020-10-14 06:08:46'),
       (202, 'fd8d66e9-ca90-4dfa-872d-c4234752940d', NULL, 0, NULL, '88214', 15, NULL, NULL, 0, 0,
        1, '2020-10-14 06:40:03', '2020-10-14 06:40:03'),
       (300, '780ce9a1-cd81-43c7-9560-0ce843469039', NULL, 1, NULL, '88045', 121, NULL, NULL, 0, 1,
        1, '2020-10-20 11:03:25', '2020-10-20 11:03:25'),
       (301, '7e87117b-83f5-4651-9649-fca51e038997', NULL, 1, NULL, '88045', 121, NULL, NULL, 0, 1,
        1, '2020-10-20 11:11:39', '2020-10-20 11:11:39'),
       (400, 'd9b10dea-bebf-49da-8f2f-5ab986f9d1bf', NULL, 1, NULL, '88045', 121, NULL, NULL, 0, 1,
        1, '2020-10-20 11:42:36', '2020-10-20 11:42:36'),
       (500, 'd7abe2c2-2e2d-48f2-a900-bc57d86bf3f7', NULL, 0, NULL, '88600', 84, NULL, NULL, 0, 0,
        1, '2020-10-21 07:58:22', '2020-10-21 07:58:22'),
       (501, '68c87e38-fbf8-45c4-be20-745aecc89d3f', NULL, 0, '2020-10-21 07:59:13', '88900', 98,
        'pBTzJf5qGpikzYocA', NULL, 1, 0, 1, '2020-10-21 07:59:04', '2020-10-21 07:59:13'),
       (700, '017cac2a-2086-47eb-9f8e-40547dfa2fd5', '45816eb6-984b-411f-a818-996cd16e1f2a', 1,
        '2020-10-28 10:44:47', '88045', 121, 'NA3QQHx2kcqKzXmSk', 'Nk8PFjTMo6mauz79b', 2, 1, 1,
        '2020-10-28 10:44:37', '2020-10-28 12:06:05'),
       (800, '7197c296-b1d4-4731-9097-147e49883225', NULL, 0, NULL, '88690', 15, NULL, NULL, 0, 0,
        1, '2020-11-04 07:13:15', '2020-11-04 07:13:15'),
       (801, 'b4f7ff27-6be9-49ae-83a2-f8447dae5259', NULL, 1, NULL, '12345', 121, NULL, NULL, 0, 1,
        1, '2020-11-04 07:21:50', '2020-11-04 07:21:50'),
       (900, '9c4057d0-05ad-4e86-a47c-dc5bdeec03b9', 'bad14912-cf9f-4c16-9d0e-fe8ede9b60dc', 1,
        '2020-11-04 09:18:33', '88045', 121, 'YWKxhFX5K2HPpsFbs', '9faSTWZ5gurHLXy4R', 2, 1, 1,
        '2020-11-04 09:18:21', '2020-11-04 09:18:56'),
       (1000, 'fd639b0e-4e90-415e-9cd4-372781b71ce4', 'bad14912-cf9f-4c16-9d0e-fe8ede9b60dc', 1,
        '2020-11-04 09:29:30', '88045', 121, 'eetw6QsBQTJWxHCEM', '4SPkApB8So88c7tQ3', 2, 1, 1,
        '2020-11-04 09:29:14', '2020-11-04 09:29:38'),
       (1100, '9c4057d0-05ad-4e86-a47c-dc5bdeec03b9', NULL, 6, '2020-11-04 14:50:33', '88600', 229,
        'mzAdWzQEobJ2PkoxP', NULL, 1, 0, 0, '2020-11-04 14:50:03', '2020-11-04 14:50:33'),
       (1101, '9c4057d0-05ad-4e86-a47c-dc5bdeec03b9', '94c3e0b1-0677-4fd2-a7ea-56a71aefd0e8', 9,
        '2020-11-04 14:56:17', '00000', 639, 'Jn2fnQgSBACCv5pr7', NULL, 2, 1, 0,
        '2020-11-04 14:56:08', '2020-11-04 14:57:28'),
       (1201, 'def9a0a1-c936-45ee-9141-d73dfc0a3888', NULL, 1, NULL, '12345', 121,
        NULL, NULL, 0, 1, 1, '2018-04-20 11:09:32',
        '2018-04-20 11:09:32'),
       (1202, 'hki9a0a1-c936-45ee-9141-d73dfc0a3777', NULL, 1, NULL, '12345', 121,
        NULL, NULL, 0, 1, 1, '2018-02-05 11:09:32',
        '2018-02-05 11:09:32'),
       (1203, 'hki9a0a1-c936-45ee-9141-d73dfc0a3777', '94c3e0b1-0677-4fd2-a7ea-56a71aefd0e8', 9,
        '2018-02-05 11:09:32', '00000', 639, 'Jn2fnQgSBACCv5pr7', NULL, 2, 1, 0,
        '2018-02-05 11:09:32', '2018-02-05 11:09:32'),
       (1204, 'dlk9a0a1-c936-45ee-9141-d73dfc0a3666', '94c3e0b1-0677-4fd2-a7ea-56a71aefd0e8', 9,
        '2018-01-01 11:09:32', '00000', 639, 'Jn2fnQgSBACCv5pr7', NULL, 2, 1, 0,
        '2018-01-01 11:09:32', '2018-01-01 11:09:32'),
       (1205, 'abc9a0a1-c936-45ee-9141-d73dfc0a3999', NULL, 1, NULL, '12345', 121,
        NULL, NULL, 0, 1, 1, '2018-05-01 09:04:32', '2018-05-01 09:04:32'),
       (1206, 'arb9a0a1-c936-45ee-9141-d73dfc0a3111', NULL, 1, NULL, '12345', 121,
        NULL, NULL, 0, 1, 1, '2019-02-02 09:04:32', '2019-02-02 09:04:32'),
       (1207, 'jurea0a1-c936-45ee-9141-d73dfc0a3000', NULL, 1, NULL, '12345', 121,
        NULL, NULL, 0, 1, 1, '2018-05-01 09:04:32', '2018-05-01 09:04:32'),
       (1208, 'jurea0a1-c936-45ee-9141-d73dfc0a3000', '94c3e0b1-0677-4fd2-a7ea-56a71aefd0e8', 9,
        '2020-02-05 11:09:32', '00000', 639, 'Jn2fnQgSBACCv5pr7', NULL, 2, 1, 0,
        '2020-02-05 11:09:32', '2020-02-05 11:09:32'),
       (1209, '236b97bf-6cd7-434a-83f3-0a0b129dd45a', '75abe824-fb42-476d-a52a-66660113bdcc', 0,
        '2020-10-08 09:03:48', '12345', 0, 'DJrRTzFg8Ac2BqE8j', NULL, 4, 0, 1,
        '2020-10-08 09:03:47', '2020-10-08 09:03:48'),
       (1210, '236b97bf-6cd7-434a-83f3-0a0b129dd45a', '94c3e0b1-0677-4fd2-a7ea-56a71aefd0e8', 0,
        '2020-10-08 09:03:48', '12345', 0, 'DJrRTzFg8Ac2BqE8j', NULL, 4, 0, 1,
        '2020-10-08 09:03:47', '2020-10-08 09:03:48'),
       (1211, '236b97bf-6cd7-434a-83f3-0a0b129dd45a', '94c3e0b1-0677-4fd2-a7ea-56a71aefd0e8', 0,
        '2020-10-08 09:03:48', '12345', 0, 'DJrRTzFg8Ac2BqE8j', NULL, 4, 0, 1,
        '2020-10-08 09:03:47', '2020-10-08 09:03:48'),
       (1212, '236b97bf-6cd7-434a-83f3-0a0b129dd45a', '34c3x5b1-0677-4fd2-a7ea-56a71aefd099', 0,
        '2020-10-08 09:03:48', '12345', 0, 'DJrRTzFg8Ac2BqE8j', NULL, 3, 0, 1,
        '2020-10-08 09:03:47', '2020-10-08 09:03:48'),
       (1213, 'jurea0a1-c936-45ee-9141-d73dfc0a3000', '94c3e0b1-0677-4fd2-a7ea-56a71aefd0e8', 9,
        '2020-02-05 11:09:32', '00000', 639, 'XJrRTzFg8Ac5BwE86', NULL, 1, 0, 0,
        '2020-02-05 11:09:32', '2020-02-05 11:09:32'),
       (1214, '679b6688-2b2b-43ff-af7a-873d9be81523', '75abe824-fb42-476d-a52a-66660113bdcc', 0,
        '2020-10-08 09:03:48', '12345', 0, 'DJrRTzFg8Ac2BqE8j', NULL, 4, 0, 1,
        '2020-10-08 09:03:47', '2020-10-08 09:03:48');

INSERT INTO session (`id`, `user_id`, `consultant_id`, `consulting_type`, `message_date`,
                     `postcode`, `agency_id`, `rc_group_id`, `rc_feedback_group_id`, `status`,
                     `is_team_session`, `is_monitoring`, `create_date`, `update_date`,`main_topic_id`)
VALUES
        (1200, '06c6601f-a5b4-4812-9260-20065390b1f5', NULL, 1, '2020-11-05 14:18:16', '12345', 121,
        'ix7E7HzXKTgGeQMyb', 'EQBcSwxn4eCAPYQ2J', 1, 1, 1, '2020-11-05 14:17:34',
        '2020-11-05 14:18:16', 1),
        (1215, '1da238c6-cd46-4162-80f1-bff74eafe77f', '34c3x5b1-0677-4fd2-a7ea-56a71aefd099', 0,
        '2020-10-08 09:03:45', '12345', 1, 'DJrRTzFg8Ac2BqE8j', 'E6FohkNfEDPY9bRXc', 2, 0, 1,
        '2020-10-08 09:03:45', '2020-10-08 09:03:45', 1);

INSERT INTO session_topic (`id`, `session_id`, `topic_id`, `create_date`, `update_date`)
VALUES
        (1, 1200, 1,  '2020-10-08 09:03:45',  '2020-10-08 09:03:45'),
        (2, 1200, 2,  '2020-10-08 09:03:45',  '2020-10-08 09:03:45');